,subprocess,Spearman_rho,p_value,hallmark,Tissue
0,Cell Cycle and Mitotic Regulation,0.049204588793080824,0.7238395341932508,Genomic,Muscle
1,Replication Stress Response,-0.12649871308875374,0.36203729434743404,Genomic,Muscle
2,Transcription-Replication Conflict,0.018662488117001837,0.8934473426439974,Genomic,Muscle
3,Chromatin and Nuclear Organization,-0.01659313625187227,0.9052047101745762,Genomic,Muscle
4,Nucleotide Excision Repair,-0.1619076227809708,0.24213357887767492,Genomic,Muscle
5,DNA Damage Signaling,-0.15006633155272936,0.27876306232979287,Genomic,Muscle
6,Double-Strand Break Repair,-0.08101129338673897,0.5603390844483177,Genomic,Muscle
7,Auxiliary Processes,-0.08534160377117679,0.5394948570735415,Genomic,Muscle
8,Base Excision Repair,-0.13201698472909926,0.34130158149094814,Genomic,Muscle
9,Interstrand Crosslink Repair,-0.1840573520040243,0.18275940894093082,Genomic,Muscle
10,Mitochondrial DNA Repair,-0.07392184718212842,0.5952596811615269,Genomic,Muscle
11,Cell Cycle Control,0.003947097076080471,0.9774017226897921,Genomic,Muscle
12,Mismatch Repair,-0.1327067686841424,0.33876257636215656,Genomic,Muscle
13,Translesion Synthesis,-0.19563039391641554,0.15628241015191693,Genomic,Muscle
14,Protein Regulation,-0.1392597162570527,0.31523164723178265,Genomic,Muscle
15,Chromatin Remodeling,-0.11362274592794752,0.4133169587253427,Genomic,Muscle
16,Transcription,-0.11063368212276037,0.4257911892747801,Genomic,Muscle
17,Other,0.11753152167319227,0.3973258375210348,Genomic,Muscle
18,Telomere Maintenance,0.06878678885014024,0.6211394504595615,Genomic,Muscle
19,Genome Maintenance,-0.07855872821325208,0.5723102272419425,Genomic,Muscle
20,DNA Replication/Repair,-0.07097110470777701,0.6100727301210886,Genomic,Muscle
21,Non-homologous End Joining,-0.11251142733371129,0.4179300799765179,Genomic,Muscle
22,Homologous Recombination,0.04556406236368621,0.7435457035723911,Genomic,Muscle
23,Transcription-Coupled Repair,-0.14734551706339236,0.2876707549778669,Genomic,Muscle
24,Direct Reversal Repair,0.04878305415388776,0.7261125044412209,Genomic,Muscle
25,Single-Strand Break Repair,0.03241984588702988,0.8159765762824567,Genomic,Muscle
26,Exonuclease,0.16711932377463043,0.22710419854318492,Genomic,Muscle
27,Cell Cycle and Mitotic Regulation,-0.006912808570406089,0.9527399370406385,Genomic,Skin
28,Replication Stress Response,-0.025617246869258353,0.8261353608865751,Genomic,Skin
29,Transcription-Replication Conflict,-0.07789622063034138,0.5035935502869562,Genomic,Skin
30,Chromatin and Nuclear Organization,0.03196658595380629,0.7839849606472672,Genomic,Skin
31,Nucleotide Excision Repair,0.1667182520230542,0.15003050642307314,Genomic,Skin
32,DNA Damage Signaling,0.1344355734308397,0.2469361108230471,Genomic,Skin
33,Double-Strand Break Repair,0.008671932818938853,0.9407330098506861,Genomic,Skin
34,Auxiliary Processes,0.02510875001616685,0.8295340857883298,Genomic,Skin
35,Base Excision Repair,0.09375582518351958,0.4204879949095224,Genomic,Skin
36,Interstrand Crosslink Repair,-0.0008108463333080701,0.9944534378251397,Genomic,Skin
37,Mitochondrial DNA Repair,0.21354119198204738,0.06399962722447103,Genomic,Skin
38,Cell Cycle Control,0.013591983451553921,0.9072295628788721,Genomic,Skin
39,Mismatch Repair,0.08490523130808911,0.46585629619084556,Genomic,Skin
40,Translesion Synthesis,0.1357824029336226,0.24218971260061722,Genomic,Skin
41,Protein Regulation,0.12370216688315151,0.28704194658218285,Genomic,Skin
42,Chromatin Remodeling,0.20573507812918324,0.07459313616267027,Genomic,Skin
43,Transcription,0.06848215726905277,0.5566599023681844,Genomic,Skin
44,Other,0.0269091037392746,0.8175152405683452,Genomic,Skin
45,Telomere Maintenance,-0.036556800789821466,0.7538872907662257,Genomic,Skin
46,Genome Maintenance,0.02773369323077433,0.8120242491290073,Genomic,Skin
47,DNA Replication/Repair,0.047963622088901106,0.6807468360598838,Genomic,Skin
48,Non-homologous End Joining,0.08906940824016275,0.44418655879489033,Genomic,Skin
49,Homologous Recombination,0.022346375219642743,0.8480505084969375,Genomic,Skin
50,Transcription-Coupled Repair,0.027431343750557762,0.8140365763858934,Genomic,Skin
51,Direct Reversal Repair,0.2661912310143052,0.02011232076150976,Genomic,Skin
52,Single-Strand Break Repair,0.026950333213849584,0.8172404802097204,Genomic,Skin
53,Exonuclease,0.08564736185043886,0.4619527642159037,Genomic,Skin
54,Cell Cycle and Mitotic Regulation,-0.13816276774657157,0.3190962045919266,Genomic,Marrow
55,Replication Stress Response,-0.1095416952266911,0.4304010034007062,Genomic,Marrow
56,Transcription-Replication Conflict,0.07609297192032478,0.5844632965391783,Genomic,Marrow
57,Chromatin and Nuclear Organization,-0.1711517147875583,0.21592787369842667,Genomic,Marrow
58,Nucleotide Excision Repair,-0.05218460612058528,0.7078392782831681,Genomic,Marrow
59,DNA Damage Signaling,0.025555897417349763,0.8544587629095083,Genomic,Marrow
60,Double-Strand Break Repair,-0.013180252940882037,0.9246385452170516,Genomic,Marrow
61,Auxiliary Processes,-0.07624623067545132,0.5837045383182469,Genomic,Marrow
62,Base Excision Repair,-0.011685980078398318,0.9331617578819509,Genomic,Marrow
63,Interstrand Crosslink Repair,-0.14693683147756573,0.2890246769723367,Genomic,Marrow
64,Mitochondrial DNA Repair,-0.09915841456686836,0.4756145432935628,Genomic,Marrow
65,Cell Cycle Control,-0.031954450443882614,0.8185732755432369,Genomic,Marrow
66,Mismatch Repair,-0.008850693108557415,0.9493536963773925,Genomic,Marrow
67,Translesion Synthesis,0.13877580276707774,0.31693278250291623,Genomic,Marrow
68,Protein Regulation,-0.07203161490947159,0.6047305570720718,Genomic,Marrow
69,Chromatin Remodeling,-0.06318092180091418,0.6499200209145234,Genomic,Marrow
70,Transcription,-0.04229941641492375,0.761357441656962,Genomic,Marrow
71,Other,-0.12931207463801417,0.35137170555158614,Genomic,Marrow
72,Telomere Maintenance,-0.16356540640879483,0.23728103917075172,Genomic,Marrow
73,Genome Maintenance,-0.17073025321096033,0.2170776763561517,Genomic,Marrow
74,DNA Replication/Repair,-0.09812391796976423,0.4802535194872791,Genomic,Marrow
75,Non-homologous End Joining,0.00931046937393702,0.9467264248239691,Genomic,Marrow
76,Homologous Recombination,-0.06984767764891849,0.6157539143457842,Genomic,Marrow
77,Transcription-Coupled Repair,-0.01770138621711483,0.8989053318156143,Genomic,Marrow
78,Direct Reversal Repair,-0.010843056925202373,0.9379730694371924,Genomic,Marrow
79,Single-Strand Break Repair,-0.06900475449572253,0.6200313391900395,Genomic,Marrow
80,Exonuclease,-0.11490575165611987,0.40802774365639016,Genomic,Marrow
81,Cell Cycle and Mitotic Regulation,0.18303231659491556,0.1769409418491356,Genomic,Spleen
82,Replication Stress Response,-0.14469446649733186,0.28733593840382593,Genomic,Spleen
83,Transcription-Replication Conflict,-0.15108410818026247,0.26635116413851495,Genomic,Spleen
84,Chromatin and Nuclear Organization,-0.1262813055185641,0.35371434919288913,Genomic,Spleen
85,Nucleotide Excision Repair,-0.19594901160987202,0.1477993226006329,Genomic,Spleen
86,DNA Damage Signaling,-0.2235687530780237,0.09765296698371163,Genomic,Spleen
87,Double-Strand Break Repair,0.05386536644535052,0.6933695424510258,Genomic,Spleen
88,Auxiliary Processes,-0.3141917356563621,0.018362460591015723,Genomic,Spleen
89,Base Excision Repair,-0.28348023208356665,0.034245526809281,Genomic,Spleen
90,Interstrand Crosslink Repair,0.014015988207718757,0.9183396551719318,Genomic,Spleen
91,Mitochondrial DNA Repair,-0.24108873833767214,0.07346087631715585,Genomic,Spleen
92,Cell Cycle Control,0.023634803644388493,0.8627287374152605,Genomic,Spleen
93,Mismatch Repair,-0.14290811505909318,0.2933914025458715,Genomic,Spleen
94,Translesion Synthesis,0.15554998677585916,0.25230864699789923,Genomic,Spleen
95,Protein Regulation,-0.2086595891511856,0.122760481484665,Genomic,Spleen
96,Chromatin Remodeling,-0.22542381034081,0.09483091748825315,Genomic,Spleen
97,Transcription,-0.12215895604570565,0.3697716276809785,Genomic,Spleen
98,Other,-0.00913787466483625,0.9467085635715882,Genomic,Spleen
99,Telomere Maintenance,-0.24967696640612724,0.06348477120336316,Genomic,Spleen
100,Genome Maintenance,-0.0832027535271932,0.5420951081929891,Genomic,Spleen
101,DNA Replication/Repair,-0.21106429301035304,0.11840933043922544,Genomic,Spleen
102,Non-homologous End Joining,-0.11645637260825144,0.39269642509050395,Genomic,Spleen
103,Homologous Recombination,0.006046112560192405,0.9647251571923745,Genomic,Spleen
104,Transcription-Coupled Repair,-0.1197542521865382,0.37933835980055075,Genomic,Spleen
105,Direct Reversal Repair,-0.16984079828176848,0.2107807976675687,Genomic,Spleen
106,Single-Strand Break Repair,-0.2517381411425565,0.061260249785274126,Genomic,Spleen
107,Exonuclease,0.18207043505124856,0.17926657540431293,Genomic,Spleen
108,Cell Cycle and Mitotic Regulation,0.2887537416482208,0.032513404208946634,Genomic,Lung
109,Replication Stress Response,-0.010225864014165299,0.9409331673933352,Genomic,Lung
110,Transcription-Replication Conflict,0.17478249839814444,0.20184966349403755,Genomic,Lung
111,Chromatin and Nuclear Organization,0.17859000095661023,0.19204479075551217,Genomic,Lung
112,Nucleotide Excision Repair,-0.18232497965681954,0.18276190109934076,Genomic,Lung
113,DNA Damage Signaling,0.19407384469437117,0.15567447879355284,Genomic,Lung
114,Double-Strand Break Repair,0.10494202289714316,0.4457593231381274,Genomic,Lung
115,Auxiliary Processes,-0.011640079250166881,0.9327820073231624,Genomic,Lung
116,Base Excision Repair,-0.09286680049743734,0.5000830405585643,Genomic,Lung
117,Interstrand Crosslink Repair,0.16020520288858967,0.2426498680359933,Genomic,Lung
118,Mitochondrial DNA Repair,-0.1335889469084573,0.330884610816662,Genomic,Lung
119,Cell Cycle Control,0.011422507675397407,0.9340356073338332,Genomic,Lung
120,Mismatch Repair,0.005439289369236861,0.9685614493489931,Genomic,Lung
121,Translesion Synthesis,0.08235084105024607,0.5500274030543482,Genomic,Lung
122,Protein Regulation,-0.06559782979299654,0.6341986703669712,Genomic,Lung
123,Chromatin Remodeling,-0.10867700159735248,0.4296437846571539,Genomic,Lung
124,Transcription,-0.22166917276096618,0.10384573730590956,Genomic,Lung
125,Other,0.1063199762040165,0.4397752022552933,Genomic,Lung
126,Telomere Maintenance,0.27294354054830566,0.04378222158808687,Genomic,Lung
127,Genome Maintenance,0.14124021395451714,0.30367998017983006,Genomic,Lung
128,DNA Replication/Repair,0.01947265594186796,0.8877835219610251,Genomic,Lung
129,Non-homologous End Joining,-0.20926759299910616,0.1251881086537173,Genomic,Lung
130,Homologous Recombination,0.1427994769070317,0.29831835163396303,Genomic,Lung
131,Transcription-Coupled Repair,-0.15342422214160772,0.26342751211294607,Genomic,Lung
132,Direct Reversal Repair,0.0399606458993268,0.7720726671008846,Genomic,Lung
133,Single-Strand Break Repair,-0.12216643923305988,0.37425297774704525,Genomic,Lung
134,Exonuclease,-0.23044455961000165,0.09052525343632865,Genomic,Lung
135,Cell Cycle and Mitotic Regulation,-0.09997413860657349,0.4677034876021142,Genomic,Bone
136,Replication Stress Response,-0.0688976653436669,0.6172037701556958,Genomic,Bone
137,Transcription-Replication Conflict,0.11469648183264126,0.40437617319649233,Genomic,Bone
138,Chromatin and Nuclear Organization,-0.010661007163704246,0.9384244391172251,Genomic,Bone
139,Nucleotide Excision Repair,0.11897538946977426,0.38695242584450484,Genomic,Bone
140,DNA Damage Signaling,0.12648160879932116,0.3574837137769543,Genomic,Bone
141,Double-Strand Break Repair,-0.018747417359303048,0.8919375067792257,Genomic,Bone
142,Auxiliary Processes,0.0944985873082084,0.4925483103954681,Genomic,Bone
143,Base Excision Repair,0.022808753421666567,0.8687154136412332,Genomic,Bone
144,Interstrand Crosslink Repair,-0.04859098503184929,0.7246196334628577,Genomic,Bone
145,Mitochondrial DNA Repair,0.18352162331805166,0.17985727413468855,Genomic,Bone
146,Cell Cycle Control,-0.006780980746981953,0.9608120673653013,Genomic,Bone
147,Mismatch Repair,0.1732957593038864,0.20577283765212326,Genomic,Bone
148,Translesion Synthesis,-0.15839210643217738,0.2480923465170583,Genomic,Bone
149,Protein Regulation,0.24128687641934712,0.0759551377227523,Genomic,Bone
150,Chromatin Remodeling,0.14791240891411436,0.28117058213895546,Genomic,Bone
151,Transcription,0.2251503179572778,0.09839131247440722,Genomic,Bone
152,Other,-0.048300889598823324,0.7261992361397908,Genomic,Bone
153,Telomere Maintenance,0.008884172636420206,0.9486718921941708,Genomic,Bone
154,Genome Maintenance,-0.09783468478800701,0.4773299157376366,Genomic,Bone
155,DNA Replication/Repair,0.05856301554211686,0.6710524178196378,Genomic,Bone
156,Non-homologous End Joining,0.11502283919479549,0.40303140482024946,Genomic,Bone
157,Homologous Recombination,-0.0760412653819313,0.5810963080612586,Genomic,Bone
158,Transcription-Coupled Repair,0.2181880275646546,0.10953063704577178,Genomic,Bone
159,Direct Reversal Repair,0.12753320474404023,0.3534678390720011,Genomic,Bone
160,Single-Strand Break Repair,0.1297814443499915,0.34497556316153644,Genomic,Bone
161,Exonuclease,-0.09812478022103296,0.4760184975443317,Genomic,Bone
162,Cell Cycle and Mitotic Regulation,-0.10285613465514383,0.4506399069813294,Genomic,SCAT
163,Replication Stress Response,0.12814074223904026,0.34661393440154264,Genomic,SCAT
164,Transcription-Replication Conflict,0.09440502940291759,0.4888891191798217,Genomic,SCAT
165,Chromatin and Nuclear Organization,0.03146834313430586,0.8179105536500025,Genomic,SCAT
166,Nucleotide Excision Repair,0.12937748934912213,0.3419405170115113,Genomic,SCAT
167,DNA Damage Signaling,-0.06946396268293281,0.6109543457182901,Genomic,SCAT
168,Double-Strand Break Repair,0.042186818088348906,0.7575388262950993,Genomic,SCAT
169,Auxiliary Processes,0.15528047048805949,0.2531416108305734,Genomic,SCAT
170,Base Excision Repair,0.0739987020865664,0.5878116230533115,Genomic,SCAT
171,Interstrand Crosslink Repair,-0.05338625025186825,0.6959640120917794,Genomic,SCAT
172,Mitochondrial DNA Repair,0.09694723179586369,0.4772077347540924,Genomic,SCAT
173,Cell Cycle Control,0.03284250658995241,0.8101035954805039,Genomic,SCAT
174,Mismatch Repair,0.029750638814747685,0.827693904269699,Genomic,SCAT
175,Translesion Synthesis,-0.09564177651299947,0.48318765982742895,Genomic,SCAT
176,Protein Regulation,0.18777943621410026,0.1657828277158453,Genomic,SCAT
177,Chromatin Remodeling,0.12882782396686351,0.3440127331211561,Genomic,SCAT
178,Transcription,-0.04033169742322607,0.7678963793242413,Genomic,SCAT
179,Other,-0.198635327513708,0.14221475639675948,Genomic,SCAT
180,Telomere Maintenance,0.03902624214036186,0.7752093718155284,Genomic,SCAT
181,Genome Maintenance,0.04053782194157306,0.7667435117483277,Genomic,SCAT
182,DNA Replication/Repair,0.14195108496828804,0.2966695767139288,Genomic,SCAT
183,Non-homologous End Joining,0.1401646724759475,0.30285214842875613,Genomic,SCAT
184,Homologous Recombination,-0.09660369093195206,0.4787775717494728,Genomic,SCAT
185,Transcription-Coupled Repair,0.10601671060313089,0.4367706204555134,Genomic,SCAT
186,Direct Reversal Repair,0.1598839180644754,0.2391689541457248,Genomic,SCAT
187,Single-Strand Break Repair,0.04500385317242433,0.7418918254425506,Genomic,SCAT
188,Exonuclease,0.06726530115389835,0.6223144816752104,Genomic,SCAT
189,Cell Cycle and Mitotic Regulation,-0.10958579015348734,0.421400132443422,Genomic,MAT
190,Replication Stress Response,-0.08045452054528757,0.5555634110676192,Genomic,MAT
191,Transcription-Replication Conflict,-0.14764881695288043,0.2775022759058463,Genomic,MAT
192,Chromatin and Nuclear Organization,-0.019649865820625317,0.8857030877289489,Genomic,MAT
193,Nucleotide Excision Repair,-0.01154257852400368,0.9327134879463537,Genomic,MAT
194,DNA Damage Signaling,0.0029543504555485617,0.9827592722363175,Genomic,MAT
195,Double-Strand Break Repair,-0.029887033678223818,0.8269160829497295,Genomic,MAT
196,Auxiliary Processes,-0.06904935367037918,0.6130897223441328,Genomic,MAT
197,Base Excision Repair,-0.12277730846663441,0.36733537545515527,Genomic,MAT
198,Interstrand Crosslink Repair,-0.09289027478841058,0.4959199106726656,Genomic,MAT
199,Mitochondrial DNA Repair,0.02074915901338757,0.8793551787237035,Genomic,MAT
200,Cell Cycle Control,-0.12435754243123014,0.36115370003849867,Genomic,MAT
201,Mismatch Repair,-0.011817401822194247,0.9311152575982764,Genomic,MAT
202,Translesion Synthesis,-0.10031050383955581,0.4619846067366573,Genomic,MAT
203,Protein Regulation,0.046926078166038776,0.7312737566115466,Genomic,MAT
204,Chromatin Remodeling,-0.07605734777423855,0.5774372337194813,Genomic,MAT
205,Transcription,0.015252693049576294,0.9111621659956248,Genomic,MAT
206,Other,-0.10395191254058078,0.4458041606517982,Genomic,MAT
207,Telomere Maintenance,-0.09721874173491196,0.4759689884882249,Genomic,MAT
208,Genome Maintenance,-0.13219000642966122,0.3314592710598204,Genomic,MAT
209,DNA Replication/Repair,-0.007969875647526352,0.9535122048125225,Genomic,MAT
210,Non-homologous End Joining,-0.054415013041731644,0.6903974420411427,Genomic,MAT
211,Homologous Recombination,-0.14538152474280827,0.28502890145158344,Genomic,MAT
212,Transcription-Coupled Repair,0.002061174736429229,0.9879711182945775,Genomic,MAT
213,Direct Reversal Repair,0.0832027535271932,0.5420951081929891,Genomic,MAT
214,Single-Strand Break Repair,-0.10127238538322278,0.457679836575382,Genomic,MAT
215,Exonuclease,0.053247014024421745,0.6967186429832184,Genomic,MAT
216,Cell Cycle and Mitotic Regulation,-0.10008292439395824,0.4672168167534938,Genomic,WBC
217,Replication Stress Response,-0.0586718013295016,0.6704763360055466,Genomic,WBC
218,Transcription-Replication Conflict,-0.06113761251022232,0.6574695029956603,Genomic,WBC
219,Chromatin and Nuclear Organization,-0.058853110975142835,0.6695166178820311,Genomic,WBC
220,Nucleotide Excision Repair,0.08093662581424448,0.5569214993956584,Genomic,WBC
221,DNA Damage Signaling,-0.0018130964564122868,0.9895181405264097,Genomic,WBC
222,Double-Strand Break Repair,-0.05004146219697912,0.7167388075794828,Genomic,WBC
223,Auxiliary Processes,0.027849161570492727,0.8400495294461996,Genomic,WBC
224,Base Excision Repair,-0.03861895452158171,0.7795297994267352,Genomic,WBC
225,Interstrand Crosslink Repair,0.0005801908660519318,0.9966457208420197,Genomic,WBC
226,Mitochondrial DNA Repair,-0.06124639829760705,0.6568979509238684,Genomic,WBC
227,Cell Cycle Control,-0.23145989362559252,0.08907447712166876,Genomic,WBC
228,Mismatch Repair,-0.03539164282916784,0.7975469352576633,Genomic,WBC
229,Translesion Synthesis,0.047829484520156125,0.7287685018088464,Genomic,WBC
230,Protein Regulation,-0.017587035627199182,0.8985898323339405,Genomic,WBC
231,Chromatin Remodeling,-0.24567456984386488,0.07061550742757444,Genomic,WBC
232,Transcription,0.012872984840527237,0.9256814208346869,Genomic,WBC
233,Other,-0.2139091199275216,0.11684218341607172,Genomic,WBC
234,Telomere Maintenance,-0.2128937859119307,0.11863056387975124,Genomic,WBC
235,Genome Maintenance,-0.07009430900489902,0.6110890393716337,Genomic,WBC
236,DNA Replication/Repair,-0.18653136343569607,0.172699310663484,Genomic,WBC
237,Non-homologous End Joining,-0.03673333420691294,0.7900433499620747,Genomic,WBC
238,Homologous Recombination,-0.05461046526713808,0.692108455259389,Genomic,WBC
239,Transcription-Coupled Repair,0.10599361884186229,0.4411884321076862,Genomic,WBC
240,Direct Reversal Repair,0.28349576192462517,0.03595714381438488,Genomic,WBC
241,Single-Strand Break Repair,-0.19595946500903993,0.15161856460325,Genomic,WBC
242,Exonuclease,-0.0183122742097641,0.894431288255655,Genomic,WBC
243,Cell Cycle and Mitotic Regulation,0.09867819599856743,0.48207037984686596,Genomic,BAT
244,Replication Stress Response,0.08465657143367859,0.546710539730438,Genomic,BAT
245,Transcription-Replication Conflict,-0.013089551255662128,0.9258836927435556,Genomic,BAT
246,Chromatin and Nuclear Organization,0.14135094359055575,0.31269041836938827,Genomic,BAT
247,Nucleotide Excision Repair,0.09239683239290913,0.5105193597516529,Genomic,BAT
248,DNA Damage Signaling,-0.14216144212031812,0.3098955720630646,Genomic,BAT
249,Double-Strand Break Repair,-0.08417027231582118,0.5490247889608386,Genomic,BAT
250,Auxiliary Processes,-0.0675955773821809,0.6305736478690664,Genomic,BAT
251,Base Excision Repair,0.04303747193038136,0.7596136336236469,Genomic,BAT
252,Interstrand Crosslink Repair,0.1019201901176169,0.4677213725850887,Genomic,BAT
253,Mitochondrial DNA Repair,0.03606718457442506,0.7976455896305115,Genomic,BAT
254,Cell Cycle Control,0.006565038091075123,0.9627881897514535,Genomic,BAT
255,Mismatch Repair,-0.0013778475005960136,0.992187485960411,Genomic,BAT
256,Translesion Synthesis,0.0467252402408001,0.7397117355298526,Genomic,BAT
257,Protein Regulation,0.00012157477946435413,0.999310649921503,Genomic,BAT
258,Chromatin Remodeling,0.007983410518159255,0.9547562238304043,Genomic,BAT
259,Transcription,0.0397549528848438,0.7774598289146906,Genomic,BAT
260,Other,0.06305678561551167,0.6537485342263152,Genomic,BAT
261,Telomere Maintenance,0.005632964781848409,0.968068383930027,Genomic,BAT
262,Genome Maintenance,0.00166152198601284,0.9905790935216516,Genomic,BAT
263,DNA Replication/Repair,0.017790442728283822,0.8993852484959586,Genomic,BAT
264,Non-homologous End Joining,-0.005957164193753352,0.9662316291145978,Genomic,BAT
265,Homologous Recombination,0.025611753540490605,0.8555512775542145,Genomic,BAT
266,Transcription-Coupled Repair,0.011428029269649288,0.9352701334956113,Genomic,BAT
267,Direct Reversal Repair,0.053371328184851456,0.7042759165808137,Genomic,BAT
268,Single-Strand Break Repair,0.015156322506556148,0.9142219738166726,Genomic,BAT
269,Exonuclease,-0.023788131848525292,0.8657380084958881,Genomic,BAT
270,Cell Cycle and Mitotic Regulation,0.054138655248448596,0.6974147042019316,Genomic,Heart
271,Replication Stress Response,0.018582624059092407,0.8939006985661048,Genomic,Heart
272,Transcription-Replication Conflict,0.15402504890216798,0.2661312908475084,Genomic,Heart
273,Chromatin and Nuclear Organization,0.12065295497336494,0.3848199878278673,Genomic,Heart
274,Nucleotide Excision Repair,-0.001762475683955156,0.9899082658876834,Genomic,Heart
275,DNA Damage Signaling,0.39483286789473665,0.0031308144977522396,Genomic,Heart
276,Double-Strand Break Repair,0.1924546817501467,0.16324869699914857,Genomic,Heart
277,Auxiliary Processes,0.13364163447033878,0.33534029479342065,Genomic,Heart
278,Base Excision Repair,0.03819974471528893,0.7838990781013854,Genomic,Heart
279,Interstrand Crosslink Repair,0.1503085240903495,0.2779790753123895,Genomic,Heart
280,Mitochondrial DNA Repair,0.0844838887635026,0.5435933993825277,Genomic,Heart
281,Cell Cycle Control,-0.041571437328072704,0.7653464231619074,Genomic,Heart
282,Mismatch Repair,0.07797039167062485,0.5751993762590941,Genomic,Heart
283,Translesion Synthesis,0.19406389867897533,0.15969082328902057,Genomic,Heart
284,Protein Regulation,-0.027778149366684525,0.8419585001832606,Genomic,Heart
285,Chromatin Remodeling,0.12272194816757316,0.37666101289839027,Genomic,Heart
286,Transcription,-0.0068966439806940885,0.9605252306477174,Genomic,Heart
287,Other,0.20042413701672657,0.14618506839417855,Genomic,Heart
288,Telomere Maintenance,0.21525192157521886,0.11801811889770224,Genomic,Heart
289,Genome Maintenance,0.1786230790999769,0.1962482286064705,Genomic,Heart
290,DNA Replication/Repair,0.0617249636272121,0.6574808724773549,Genomic,Heart
291,Non-homologous End Joining,0.08226163681416783,0.5542817571883742,Genomic,Heart
292,Homologous Recombination,0.15728179744860687,0.25603064955130117,Genomic,Heart
293,Transcription-Coupled Repair,-0.13452287231231638,0.33213419651281617,Genomic,Heart
294,Direct Reversal Repair,-0.006590126470441019,0.9622783657334737,Genomic,Heart
295,Single-Strand Break Repair,0.11601687763078722,0.40347890611715687,Genomic,Heart
296,Exonuclease,-0.21299135493710245,0.1220223193626174,Genomic,Heart
297,Cell Cycle and Mitotic Regulation,-0.08494291594731176,0.41310510496247277,Genomic,Brain
298,Replication Stress Response,-0.16937921410567336,0.10081215354916455,Genomic,Brain
299,Transcription-Replication Conflict,-0.04584890989999034,0.6590710149774313,Genomic,Brain
300,Chromatin and Nuclear Organization,0.04685510911971082,0.652069441327235,Genomic,Brain
301,Nucleotide Excision Repair,0.10315301091679842,0.3198539883503907,Genomic,Brain
302,DNA Damage Signaling,0.136104276273099,0.18846020195077368,Genomic,Brain
303,Double-Strand Break Repair,-0.11807712661628882,0.2544405484642044,Genomic,Brain
304,Auxiliary Processes,-0.09364689101580288,0.36670667410360924,Genomic,Brain
305,Base Excision Repair,-0.07103203582572169,0.493953621641695,Genomic,Brain
306,Interstrand Crosslink Repair,-0.028736486806562395,0.7822118013547968,Genomic,Brain
307,Mitochondrial DNA Repair,0.07758288529117457,0.45488172978929775,Genomic,Brain
308,Cell Cycle Control,0.00811995733956244,0.9377508077288675,Genomic,Brain
309,Mismatch Repair,0.0368071896388658,0.723246785188416,Genomic,Brain
310,Translesion Synthesis,0.1618643835695792,0.1170850696638845,Genomic,Brain
311,Protein Regulation,0.02397990867697469,0.8175740896965984,Genomic,Brain
312,Chromatin Remodeling,-0.04291474853898728,0.6796547895775721,Genomic,Brain
313,Transcription,0.09565928945524382,0.3564527188962401,Genomic,Brain
314,Other,0.1933872682153675,0.060419449662643364,Genomic,Brain
315,Telomere Maintenance,0.02962306793722519,0.7756669612328528,Genomic,Brain
316,Genome Maintenance,0.05911244506903299,0.5693374873443287,Genomic,Brain
317,DNA Replication/Repair,-0.09796017858005916,0.3449490022728664,Genomic,Brain
318,Non-homologous End Joining,-0.03972727828350913,0.7022844363186697,Genomic,Brain
319,Homologous Recombination,-0.007606303192432408,0.9416814422753268,Genomic,Brain
320,Transcription-Coupled Repair,-0.03691977136974361,0.722434682375023,Genomic,Brain
321,Direct Reversal Repair,0.011251136729601683,0.9138257919946948,Genomic,Brain
322,Single-Strand Break Repair,-0.10551722726523255,0.3088280983177585,Genomic,Brain
323,Exonuclease,-0.043224348298901275,0.6774714299262903,Genomic,Brain
324,Cell Cycle and Mitotic Regulation,0.12679143618633223,0.265500115940753,Genomic,Liver
325,Replication Stress Response,0.057036579704191126,0.6175831681799561,Genomic,Liver
326,Transcription-Replication Conflict,0.03691968999291445,0.7466732085656662,Genomic,Liver
327,Chromatin and Nuclear Organization,0.1359999577380595,0.23205235157718856,Genomic,Liver
328,Nucleotide Excision Repair,-0.014185770252328837,0.9012500407692994,Genomic,Liver
329,DNA Damage Signaling,0.12296372404066075,0.28031661220086934,Genomic,Liver
330,Double-Strand Break Repair,0.11296031019031164,0.3215943014269684,Genomic,Liver
331,Auxiliary Processes,0.056388436753007136,0.6215916546660505,Genomic,Liver
332,Base Excision Repair,-0.009563165808035476,0.9333376160846585,Genomic,Liver
333,Interstrand Crosslink Repair,0.04725328987499883,0.6792160418069216,Genomic,Liver
334,Mitochondrial DNA Repair,0.09817531343594477,0.38936213573972644,Genomic,Liver
335,Cell Cycle Control,0.20718562035772,0.06693830213966862,Genomic,Liver
336,Mismatch Repair,0.10502361631637937,0.3569761245726476,Genomic,Liver
337,Translesion Synthesis,-0.05073858687664858,0.6569901970225803,Genomic,Liver
338,Protein Regulation,0.08784171355386039,0.44141891644426945,Genomic,Liver
339,Chromatin Remodeling,0.1333340112596046,0.24141866580132712,Genomic,Liver
340,Transcription,0.0313921312394208,0.7835930641352599,Genomic,Liver
341,Other,-0.039145388429055704,0.7319615606034038,Genomic,Liver
342,Telomere Maintenance,0.039573407359082866,0.7291432497842376,Genomic,Liver
343,Genome Maintenance,-0.025619990240197343,0.8226618969312545,Genomic,Liver
344,DNA Replication/Repair,0.11856124361752424,0.2980265621891209,Genomic,Liver
345,Non-homologous End Joining,0.07248194852202848,0.5255583117756403,Genomic,Liver
346,Homologous Recombination,0.026524944549397633,0.8165055026489398,Genomic,Liver
347,Transcription-Coupled Repair,-0.08107901445943122,0.47749937437637724,Genomic,Liver
348,Direct Reversal Repair,0.09513026447660866,0.40430763129147285,Genomic,Liver
349,Single-Strand Break Repair,0.15643480436878493,0.1685884977429349,Genomic,Liver
350,Exonuclease,-0.04843951376678838,0.6716195256450683,Genomic,Liver
351,Cell Cycle and Mitotic Regulation,0.09181520455271822,0.5049700385999882,Genomic,Intestine
352,Replication Stress Response,-0.0672296166037676,0.6257704526315978,Genomic,Intestine
353,Transcription-Replication Conflict,-0.0382925971594275,0.7813467087710416,Genomic,Intestine
354,Chromatin and Nuclear Organization,-0.04133859920620014,0.7644352258362339,Genomic,Intestine
355,Nucleotide Excision Repair,-0.08532431923876221,0.5356667477690051,Genomic,Intestine
356,DNA Damage Signaling,-0.06784606939894777,0.6225987042581449,Genomic,Intestine
357,Double-Strand Break Repair,-0.019762751374893927,0.8861227596457926,Genomic,Intestine
358,Auxiliary Processes,0.00032635736215421167,0.9981132142831775,Genomic,Intestine
359,Base Excision Repair,0.024621849878078854,0.8583826311358077,Genomic,Intestine
360,Interstrand Crosslink Repair,-0.061790327234530734,0.6540431198712531,Genomic,Intestine
361,Mitochondrial DNA Repair,-0.0438406723160491,0.7506244447039715,Genomic,Intestine
362,Cell Cycle Control,0.08050148266470554,0.5590509560305736,Genomic,Intestine
363,Mismatch Repair,-0.0876088207738417,0.5247596634696706,Genomic,Intestine
364,Translesion Synthesis,-0.05910694447904055,0.6681738930501852,Genomic,Intestine
365,Protein Regulation,0.025455874248028507,0.8536373451016543,Genomic,Intestine
366,Chromatin Remodeling,0.0838013182153759,0.5429992376936863,Genomic,Intestine
367,Transcription,-0.01852984578453357,0.8931842692868612,Genomic,Intestine
368,Other,-0.1642665389509532,0.23075629111892307,Genomic,Intestine
369,Telomere Maintenance,-0.007034814250879673,0.9593463508995597,Genomic,Intestine
370,Genome Maintenance,-0.11277459958884424,0.4123480965703482,Genomic,Intestine
371,DNA Replication/Repair,-0.020596775744843577,0.8813507978453561,Genomic,Intestine
372,Non-homologous End Joining,-0.014649819367811278,0.9154584714724973,Genomic,Intestine
373,Homologous Recombination,-0.0174419879106862,0.8994218694864132,Genomic,Intestine
374,Transcription-Coupled Repair,-0.09181520455271822,0.5049700385999882,Genomic,Intestine
375,Direct Reversal Repair,-0.06672194959597215,0.6283875447949939,Genomic,Intestine
376,Single-Strand Break Repair,0.011603817321038637,0.9329909294945743,Genomic,Intestine
377,Exonuclease,0.010914840667601967,0.9369612868456898,Genomic,Intestine
378,Cell Cycle and Mitotic Regulation,-0.19862853876723005,0.14222866811607207,Genomic,Pancreas
379,Replication Stress Response,0.16599327210710055,0.22145557188226833,Genomic,Pancreas
380,Transcription-Replication Conflict,0.15554998677585916,0.25230864699789923,Genomic,Pancreas
381,Chromatin and Nuclear Organization,0.11418908039817928,0.4020387145098844,Genomic,Pancreas
382,Nucleotide Excision Repair,0.26561671770117995,0.047865441370322656,Genomic,Pancreas
383,DNA Damage Signaling,-0.055789129532684466,0.6829875451985657,Genomic,Pancreas
384,Double-Strand Break Repair,-0.015939751295052703,0.9071776772000731,Genomic,Pancreas
385,Auxiliary Processes,0.19361301357525224,0.1527866100177057,Genomic,Pancreas
386,Base Excision Repair,0.1415339985681404,0.298105669408224,Genomic,Pancreas
387,Interstrand Crosslink Repair,0.023153862872555005,0.8654959100930286,Genomic,Pancreas
388,Mitochondrial DNA Repair,0.18007796613936694,0.18415406462868814,Genomic,Pancreas
389,Cell Cycle Control,-0.04300984616682324,0.7529570714301561,Genomic,Pancreas
390,Mismatch Repair,0.2118200570803771,0.1170663937721224,Genomic,Pancreas
391,Translesion Synthesis,0.1224337793438962,0.3686876465033101,Genomic,Pancreas
392,Protein Regulation,0.11068508334624959,0.4167288474276002,Genomic,Pancreas
393,Chromatin Remodeling,0.1282737744304457,0.34610934424754425,Genomic,Pancreas
394,Transcription,0.26149436822832156,0.051567223879427526,Genomic,Pancreas
395,Other,-0.04630772574511001,0.7346840926653415,Genomic,Pancreas
396,Telomere Maintenance,0.03476514722110633,0.7992115128478823,Genomic,Pancreas
397,Genome Maintenance,-0.10697496882067699,0.4326132944061556,Genomic,Pancreas
398,DNA Replication/Repair,0.11130343576717837,0.4141143498205152,Genomic,Pancreas
399,Non-homologous End Joining,0.130128831693232,0.33912057139571083,Genomic,Pancreas
400,Homologous Recombination,0.0004122349472858458,0.9975941386215501,Genomic,Pancreas
401,Transcription-Coupled Repair,0.2014454775736833,0.13654288614690066,Genomic,Pancreas
402,Direct Reversal Repair,0.0818286370362404,0.5488094398691873,Genomic,Pancreas
403,Single-Strand Break Repair,0.1839941981385825,0.17463723309039406,Genomic,Pancreas
404,Exonuclease,0.0486437237797298,0.7218278266603335,Genomic,Pancreas
405,Cell Cycle and Mitotic Regulation,0.035727028764773294,0.7937763693764207,Genomic,GAT
406,Replication Stress Response,0.016008457119600347,0.9067793515230494,Genomic,GAT
407,Transcription-Replication Conflict,0.01504657557593337,0.9123579406484051,Genomic,GAT
408,Chromatin and Nuclear Organization,0.013603753260432911,0.9207336180728622,Genomic,GAT
409,Nucleotide Excision Repair,-0.01690163283871968,0.9016032264443954,Genomic,GAT
410,DNA Damage Signaling,0.08292793022900265,0.5434347822811116,Genomic,GAT
411,Double-Strand Break Repair,-0.06444606342568723,0.6370096365973319,Genomic,GAT
412,Auxiliary Processes,0.04720090146422934,0.7297597022318529,Genomic,GAT
413,Base Excision Repair,0.07846205163340597,0.5654261650046529,Genomic,GAT
414,Interstrand Crosslink Repair,0.02494021431079367,0.8552261802887254,Genomic,GAT
415,Mitochondrial DNA Repair,0.16248927505517088,0.23149979715499233,Genomic,GAT
416,Cell Cycle Control,-0.09591333106850677,0.48194049669691263,Genomic,GAT
417,Mismatch Repair,0.0012367048418575374,0.9927825009037499,Genomic,GAT
418,Translesion Synthesis,0.018138337680577214,0.8944430360182863,Genomic,GAT
419,Protein Regulation,0.0843707525445031,0.536419418971098,Genomic,GAT
420,Chromatin Remodeling,0.08011099142254936,0.5572580454594892,Genomic,GAT
421,Transcription,0.02713880069631818,0.8426193298945168,Genomic,GAT
422,Other,0.07619475942333384,0.576747752422778,Genomic,GAT
423,Telomere Maintenance,0.05297219072623118,0.6982089828999529,Genomic,GAT
424,Genome Maintenance,-0.011886107646741887,0.9307157419434544,Genomic,GAT
425,DNA Replication/Repair,-0.029749622029128536,0.8276997033282567,Genomic,GAT
426,Non-homologous End Joining,-0.00048094077183348673,0.9971931632179338,Genomic,GAT
427,Homologous Recombination,-0.006664464981121173,0.9611201505915377,Genomic,GAT
428,Transcription-Coupled Repair,-0.01930633669788711,0.8876882913468236,Genomic,GAT
429,Direct Reversal Repair,0.05070489851615903,0.7105470054153924,Genomic,GAT
430,Single-Strand Break Repair,0.05262866160349298,0.7000734988182669,Genomic,GAT
431,Exonuclease,0.10656273387339113,0.4343990073267069,Genomic,GAT
432,Cell Cycle and Mitotic Regulation,0.09892254266185438,0.4724220112757639,Genomic,Kidney
433,Replication Stress Response,-0.08844284514379135,0.5208054295473068,Genomic,Kidney
434,Transcription-Replication Conflict,-0.021031918894382527,0.878862727751003,Genomic,Kidney
435,Chromatin and Nuclear Organization,-0.12191260572916215,0.37525389474937754,Genomic,Kidney
436,Nucleotide Excision Repair,-0.05689496680221756,0.6799090211062658,Genomic,Kidney
437,DNA Damage Signaling,-0.03375985601839678,0.8066974043812302,Genomic,Kidney
438,Double-Strand Break Repair,0.24973590590622838,0.06594369779830779,Genomic,Kidney
439,Auxiliary Processes,-0.12775077631880974,0.3526404409869538,Genomic,Kidney
440,Base Excision Repair,-0.07850707656265202,0.5688597866254568,Genomic,Kidney
441,Interstrand Crosslink Repair,0.08971201266327994,0.5148168582552302,Genomic,Kidney
442,Mitochondrial DNA Repair,-0.1345680189949199,0.3273205426097878,Genomic,Kidney
443,Cell Cycle Control,0.021322014327408493,0.8772046582039843,Genomic,Kidney
444,Mismatch Repair,-0.014359723934785311,0.9171266409872798,Genomic,Kidney
445,Translesion Synthesis,-0.11208562293540758,0.41522784099971133,Genomic,Kidney
446,Protein Regulation,-0.0628056612501216,0.6487272604603768,Genomic,Kidney
447,Chromatin Remodeling,-0.14802119470149913,0.2808129465076265,Genomic,Kidney
448,Transcription,-0.1279683478935792,0.35181423437351644,Genomic,Kidney
449,Other,-0.012945508698783727,0.9252639128855195,Genomic,Kidney
450,Telomere Maintenance,-0.09061856089148611,0.5105606905582376,Genomic,Kidney
451,Genome Maintenance,-0.12695301387798832,0.3556800560078963,Genomic,Kidney
452,DNA Replication/Repair,-0.09797973250451997,0.4766739667091576,Genomic,Kidney
453,Non-homologous End Joining,-0.023280158500333763,0.8660267221696439,Genomic,Kidney
454,Homologous Recombination,0.24273735358447696,0.0741556821087786,Genomic,Kidney
455,Transcription-Coupled Repair,-0.1684003988715732,0.2190699952617213,Genomic,Kidney
456,Direct Reversal Repair,-0.20546009044064034,0.13236512141896606,Genomic,Kidney
457,Single-Strand Break Repair,-0.15741303434571474,0.25106552260070275,Genomic,Kidney
458,Exonuclease,0.08303981770368274,0.5466836021675219,Genomic,Kidney
459,Cell Cycle and Mitotic Regulation,-0.17520118561157333,0.4128722101067307,Genomic,Blood
460,Replication Stress Response,-0.507418117315544,0.011374294950817059,Genomic,Blood
461,Transcription-Replication Conflict,-0.3645958849942108,0.07983078576539028,Genomic,Blood
462,Chromatin and Nuclear Organization,-0.4355634538495316,0.03338327403081689,Genomic,Blood
463,Nucleotide Excision Repair,-0.1738705436955361,0.41648567433245653,Genomic,Blood
464,DNA Damage Signaling,-0.40052321672721697,0.052442119888130995,Genomic,Blood
465,Double-Strand Break Repair,-0.210241422733888,0.3241017412162215,Genomic,Blood
466,Auxiliary Processes,-0.4652811233076973,0.02195708597169062,Genomic,Blood
467,Base Excision Repair,-0.549111564018045,0.005452808483387764,Genomic,Blood
468,Interstrand Crosslink Repair,-0.5553212262928855,0.004847984618925071,Genomic,Blood
469,Mitochondrial DNA Repair,-0.4466521364831755,0.02866777091303523,Genomic,Blood
470,Cell Cycle Control,-0.27366868739833095,0.1956666817621678,Genomic,Blood
471,Mismatch Repair,-0.5766114969494818,0.0031835762586407933,Genomic,Blood
472,Translesion Synthesis,-0.6280629843695894,0.0010157644805620372,Genomic,Blood
473,Protein Regulation,-0.11133037364178457,0.6045250623621679,Genomic,Blood
474,Chromatin Remodeling,-0.3273379113451674,0.11843211943447901,Genomic,Blood
475,Transcription,-0.3428620670322688,0.10097178095616648,Genomic,Blood
476,Other,-0.5313696718042147,0.007539417064276539,Genomic,Blood
477,Telomere Maintenance,-0.6870547759805749,0.0002084234827727486,Genomic,Blood
478,Genome Maintenance,0.08604817723707651,0.6893131328837792,Genomic,Blood
479,DNA Replication/Repair,-0.18052375327572237,0.398592304278402,Genomic,Blood
480,Non-homologous End Joining,-0.2945154107495815,0.16240927626472262,Genomic,Blood
481,Homologous Recombination,-0.3818942299026952,0.06554443731162281,Genomic,Blood
482,Transcription-Coupled Repair,0.04302408861853826,0.8417823106919013,Genomic,Blood
483,Direct Reversal Repair,0.469273049055809,0.020699420221066744,Genomic,Blood
484,Single-Strand Break Repair,-0.23729780835997905,0.2642086931292719,Genomic,Blood
485,Exonuclease,-0.17741892213830207,0.4068883305179818,Genomic,Blood
486,Cell Cycle and Mitotic Regulation,0.048611752384225076,0.6625350559462215,Genomic,Colon
487,Replication Stress Response,-0.4534990165681288,1.6660987145071295e-05,Genomic,Colon
488,Transcription-Replication Conflict,-0.27136027135239965,0.013084244316791937,Genomic,Colon
489,Chromatin and Nuclear Organization,0.1589255086761488,0.15126987155530705,Genomic,Colon
490,Nucleotide Excision Repair,0.01705374830226671,0.878381004906187,Genomic,Colon
491,DNA Damage Signaling,-0.28379708151504524,0.009322500934187045,Genomic,Colon
492,Double-Strand Break Repair,-0.35400453526696474,0.0010262460439591677,Genomic,Colon
493,Auxiliary Processes,-0.18975508632308574,0.08576351575633492,Genomic,Colon
494,Base Excision Repair,-0.021745671516081297,0.8452903640760424,Genomic,Colon
495,Interstrand Crosslink Repair,0.0008141236626710239,0.9941718760754914,Genomic,Colon
496,Mitochondrial DNA Repair,-0.5725217536199413,1.558105075142302e-08,Genomic,Colon
497,Cell Cycle Control,-0.04554807649575255,0.6826263588935882,Genomic,Colon
498,Mismatch Repair,-0.11287396096795496,0.309635722590131,Genomic,Colon
499,Translesion Synthesis,0.28318648876804187,0.009482221452982158,Genomic,Colon
500,Protein Regulation,-0.11056013582141629,0.3197218262984005,Genomic,Colon
501,Chromatin Remodeling,0.08075892490627433,0.4679752421721438,Genomic,Colon
502,Transcription,-0.36695552879550775,0.000644204613419482,Genomic,Colon
503,Other,0.08611500163437316,0.43887969910036384,Genomic,Colon
504,Telomere Maintenance,0.030947411334955106,0.7812158019647357,Genomic,Colon
505,Genome Maintenance,-0.2672575165786759,0.014585460392733082,Genomic,Colon
506,DNA Replication/Repair,-0.12956349605271097,0.24304619012417605,Genomic,Colon
507,Non-homologous End Joining,-0.11794080955273649,0.2882774481038336,Genomic,Colon
508,Homologous Recombination,-0.22280207973545557,0.04291206960854699,Genomic,Colon
509,Transcription-Coupled Repair,-0.2605088599012714,0.01737937308982243,Genomic,Colon
510,Direct Reversal Repair,0.23923452313726284,0.029390273861240802,Genomic,Colon
511,Single-Strand Break Repair,-0.039313603184245496,0.7241869199183397,Genomic,Colon
512,Exonuclease,0.11559484794582917,0.2980420756508664,Genomic,Colon
