gene,module
ENSG00000026297,1
ENSG00000122884,2
ENSG00000168228,3
ENSG00000060138,4
ENSG00000254726,5
ENSG00000203995,6
ENSG00000078177,7
ENSG00000064012,7
ENSG00000179163,7
ENSG00000136770,7
ENSG00000154914,7
ENSG00000104081,8
ENSG00000110721,8
ENSG00000124762,9
ENSG00000164616,10
ENSG00000012822,11
ENSG00000162607,11
ENSG00000163682,12
ENSG00000171206,13
ENSG00000077150,13
ENSG00000148180,13
ENSG00000167257,13
ENSG00000133858,13
ENSG00000163462,13
ENSG00000142149,14
ENSG00000077721,14
ENSG00000160213,14
ENSG00000132388,14
ENSG00000110713,14
ENSG00000151835,14
ENSG00000025772,14
ENSG00000148841,15
ENSG00000100628,15
ENSG00000115963,15
ENSG00000149577,15
ENSG00000010404,15
ENSG00000127334,15
ENSG00000100505,15
ENSG00000013374,16
ENSG00000131023,16
ENSG00000128789,16
ENSG00000166128,16
ENSG00000108671,16
ENSG00000106211,16
ENSG00000196470,16
ENSG00000071537,16
ENSG00000141580,16
ENSG00000115457,16
ENSG00000119318,16
ENSG00000120738,16
ENSG00000105173,16
ENSG00000157106,16
ENSG00000119669,16
ENSG00000100567,16
ENSG00000010072,16
ENSG00000130177,17
ENSG00000165501,17
ENSG00000131508,18
ENSG00000147364,18
ENSG00000160691,18
ENSG00000198246,18
ENSG00000181852,18
ENSG00000119912,18
ENSG00000110906,18
ENSG00000274523,19
ENSG00000141646,19
ENSG00000170266,19
ENSG00000101084,19
ENSG00000104763,19
ENSG00000122042,19
ENSG00000172732,20
ENSG00000183763,20
ENSG00000132153,20
ENSG00000110958,20
ENSG00000124789,20
ENSG00000050748,20
ENSG00000132002,20
ENSG00000094916,20
ENSG00000116044,20
ENSG00000101343,20
ENSG00000213186,20
ENSG00000058804,20
ENSG00000182552,20
ENSG00000213341,20
ENSG00000182481,20
ENSG00000047410,20
ENSG00000196151,21
ENSG00000101132,21
ENSG00000124535,21
ENSG00000142082,22
ENSG00000223638,23
ENSG00000204449,23
ENSG00000182053,23
ENSG00000144010,23
ENSG00000150244,23
ENSG00000229292,23
ENSG00000131864,23
ENSG00000168930,23
ENSG00000144015,23
ENSG00000164347,24
ENSG00000144524,24
ENSG00000165699,24
ENSG00000130985,24
ENSG00000156804,24
ENSG00000122033,24
ENSG00000110497,24
ENSG00000175567,24
ENSG00000100479,24
ENSG00000140525,24
ENSG00000166295,24
ENSG00000023572,24
ENSG00000082641,24
ENSG00000205981,24
ENSG00000198373,24
ENSG00000114902,24
ENSG00000132405,24
ENSG00000165672,24
ENSG00000102858,24
ENSG00000143751,24
ENSG00000136436,24
ENSG00000087206,24
ENSG00000163743,24
ENSG00000034693,24
ENSG00000078900,25
ENSG00000101871,25
ENSG00000189253,26
ENSG00000241945,26
ENSG00000117560,26
ENSG00000185247,26
ENSG00000101146,27
ENSG00000134086,27
ENSG00000196839,28
ENSG00000103540,29
ENSG00000096433,29
ENSG00000204463,29
ENSG00000123124,29
ENSG00000131653,29
ENSG00000119541,29
ENSG00000247077,30
ENSG00000116675,30
ENSG00000113407,30
ENSG00000135919,30
ENSG00000196352,30
ENSG00000213585,30
ENSG00000162616,30
ENSG00000115183,30
ENSG00000101003,30
ENSG00000155506,30
ENSG00000084774,30
ENSG00000176871,30
ENSG00000137942,30
ENSG00000116750,30
ENSG00000140474,30
ENSG00000164916,30
ENSG00000100418,30
ENSG00000103811,30
ENSG00000134758,30
ENSG00000188917,30
ENSG00000132640,30
ENSG00000143799,30
ENSG00000112146,31
ENSG00000172216,31
ENSG00000221869,31
ENSG00000161677,31
ENSG00000198959,32
ENSG00000053900,33
ENSG00000036257,33
ENSG00000086232,33
ENSG00000115539,33
ENSG00000143333,33
ENSG00000173692,33
ENSG00000109775,33
ENSG00000152684,33
ENSG00000149547,33
ENSG00000163527,33
ENSG00000188612,33
ENSG00000140854,33
ENSG00000135932,33
ENSG00000149557,34
ENSG00000149243,34
ENSG00000136122,34
ENSG00000187193,35
ENSG00000107242,35
ENSG00000117481,35
ENSG00000145741,35
ENSG00000180822,35
ENSG00000137055,35
ENSG00000090263,35
ENSG00000145390,35
ENSG00000108306,35
ENSG00000131323,35
ENSG00000109320,35
ENSG00000110274,35
ENSG00000169188,35
ENSG00000187555,35
ENSG00000117399,35
ENSG00000082512,35
ENSG00000217930,35
ENSG00000140455,35
ENSG00000183439,35
ENSG00000100600,36
ENSG00000178966,36
ENSG00000155561,36
ENSG00000185088,36
ENSG00000109270,36
ENSG00000162521,36
ENSG00000153037,36
ENSG00000034713,36
ENSG00000145041,36
ENSG00000240344,36
ENSG00000175354,36
ENSG00000145979,36
ENSG00000125351,36
ENSG00000177414,36
ENSG00000140941,36
ENSG00000177483,36
ENSG00000185104,37
ENSG00000080824,38
ENSG00000170345,38
ENSG00000185619,38
ENSG00000103275,38
ENSG00000185896,38
ENSG00000170584,38
ENSG00000128829,38
ENSG00000136986,38
ENSG00000148339,38
ENSG00000124783,38
ENSG00000101182,38
ENSG00000123240,38
ENSG00000132109,38
ENSG00000107438,38
ENSG00000163463,38
ENSG00000137692,38
ENSG00000135870,38
ENSG00000142330,39
ENSG00000144567,39
ENSG00000106785,39
ENSG00000164885,39
ENSG00000186187,39
ENSG00000169180,39
ENSG00000082146,39
ENSG00000103510,39
ENSG00000108106,39
ENSG00000104341,39
ENSG00000165525,39
ENSG00000143207,39
ENSG00000115350,39
ENSG00000027001,39
ENSG00000114796,39
ENSG00000143393,40
ENSG00000105821,40
ENSG00000189403,40
ENSG00000103152,40
ENSG00000124164,40
ENSG00000133243,40
ENSG00000105254,40
ENSG00000179335,40
ENSG00000110801,40
ENSG00000101966,40
ENSG00000154447,40
ENSG00000154153,41
ENSG00000112977,41
ENSG00000130227,41
ENSG00000139722,41
ENSG00000100784,41
ENSG00000189050,41
ENSG00000080546,41
ENSG00000182093,41
ENSG00000111581,41
ENSG00000107651,41
ENSG00000153066,41
ENSG00000138760,41
ENSG00000104412,41
ENSG00000011275,41
ENSG00000137414,41
ENSG00000198862,41
ENSG00000156469,41
ENSG00000049245,41
ENSG00000155313,41
ENSG00000198060,41
ENSG00000170242,41
ENSG00000182704,41
ENSG00000051341,41
ENSG00000107798,41
ENSG00000101361,41
ENSG00000143164,41
ENSG00000023318,41
ENSG00000137876,41
ENSG00000058729,41
ENSG00000083937,41
ENSG00000049860,41
ENSG00000160404,41
ENSG00000005812,41
ENSG00000085382,41
ENSG00000169087,41
ENSG00000116138,41
ENSG00000171862,41
ENSG00000071462,42
ENSG00000175093,42
ENSG00000169919,42
ENSG00000012061,42
ENSG00000197461,42
ENSG00000131368,42
ENSG00000239857,42
ENSG00000085063,42
ENSG00000014257,42
ENSG00000162910,42
ENSG00000154370,42
ENSG00000102882,42
ENSG00000185880,42
ENSG00000140450,42
ENSG00000166825,42
ENSG00000175166,42
ENSG00000134107,42
ENSG00000125863,42
ENSG00000156928,42
ENSG00000101421,42
ENSG00000132432,42
ENSG00000106070,42
ENSG00000043093,42
ENSG00000171960,42
ENSG00000166441,42
ENSG00000143256,42
ENSG00000196313,42
ENSG00000100347,42
ENSG00000198836,42
ENSG00000081307,42
ENSG00000101546,42
ENSG00000128973,42
ENSG00000128524,42
ENSG00000182117,42
ENSG00000188191,42
ENSG00000183579,42
ENSG00000272391,42
ENSG00000126934,42
ENSG00000143314,42
ENSG00000196531,42
ENSG00000078237,42
ENSG00000149806,42
ENSG00000125845,42
ENSG00000163923,42
ENSG00000172932,42
ENSG00000162298,42
ENSG00000088986,42
ENSG00000166311,42
ENSG00000101439,42
ENSG00000114735,42
ENSG00000166479,42
ENSG00000106105,42
ENSG00000188846,42
ENSG00000173171,42
ENSG00000002745,42
ENSG00000105929,42
ENSG00000163882,42
ENSG00000062582,42
ENSG00000100142,42
ENSG00000090432,42
ENSG00000103342,42
ENSG00000169189,42
ENSG00000103429,42
ENSG00000141552,42
ENSG00000205220,42
ENSG00000100387,42
ENSG00000120708,42
ENSG00000185262,42
ENSG00000103363,42
ENSG00000103035,42
ENSG00000119899,42
ENSG00000109572,42
ENSG00000132698,42
ENSG00000141556,42
ENSG00000153207,42
ENSG00000171421,42
ENSG00000124802,42
ENSG00000155846,42
ENSG00000131507,42
ENSG00000178999,42
ENSG00000167705,42
ENSG00000142684,42
ENSG00000182670,42
ENSG00000007168,42
ENSG00000164587,42
ENSG00000145736,42
ENSG00000005156,42
ENSG00000108424,42
ENSG00000159111,42
ENSG00000166592,42
ENSG00000161981,42
ENSG00000099246,42
ENSG00000253626,42
ENSG00000138138,42
ENSG00000142507,42
ENSG00000164327,42
ENSG00000107874,42
ENSG00000198951,42
ENSG00000107949,42
ENSG00000112651,42
ENSG00000163319,42
ENSG00000090316,42
ENSG00000204618,42
ENSG00000272047,42
ENSG00000175063,42
ENSG00000109654,42
ENSG00000185883,42
ENSG00000167526,42
ENSG00000121957,42
ENSG00000018189,42
ENSG00000166851,42
ENSG00000170448,42
ENSG00000111832,42
ENSG00000103148,42
ENSG00000152661,42
ENSG00000033178,42
ENSG00000158022,42
ENSG00000109475,42
ENSG00000108384,42
ENSG00000127774,42
ENSG00000143222,42
ENSG00000159579,42
ENSG00000185608,42
ENSG00000029639,42
ENSG00000183011,42
ENSG00000240972,42
ENSG00000035928,42
ENSG00000119285,42
ENSG00000204568,42
ENSG00000096080,42
ENSG00000117758,42
ENSG00000117748,42
ENSG00000124523,42
ENSG00000277791,42
ENSG00000141002,42
ENSG00000204308,42
ENSG00000159363,42
ENSG00000120438,42
ENSG00000069509,42
ENSG00000121067,42
ENSG00000147586,42
ENSG00000116586,42
ENSG00000137547,42
ENSG00000166902,42
ENSG00000182326,42
ENSG00000100902,42
ENSG00000168883,42
ENSG00000110013,42
ENSG00000177700,42
ENSG00000116039,42
ENSG00000150779,42
ENSG00000164733,42
ENSG00000163565,42
ENSG00000178982,42
ENSG00000102580,42
ENSG00000134324,42
ENSG00000149136,42
ENSG00000173486,42
ENSG00000187790,42
ENSG00000183617,42
ENSG00000126768,42
ENSG00000243147,42
ENSG00000091436,42
ENSG00000139496,42
ENSG00000071082,42
ENSG00000005007,42
ENSG00000089902,42
ENSG00000125827,42
ENSG00000088298,42
ENSG00000126247,42
ENSG00000120675,42
ENSG00000136826,42
ENSG00000126756,42
ENSG00000159377,42
ENSG00000119705,42
ENSG00000158552,42
ENSG00000070756,42
ENSG00000115541,42
ENSG00000121022,42
ENSG00000100908,42
ENSG00000071894,42
ENSG00000204120,42
ENSG00000074582,42
ENSG00000266472,42
ENSG00000147614,42
ENSG00000055332,42
ENSG00000099800,42
ENSG00000151692,42
ENSG00000198258,42
ENSG00000129484,42
ENSG00000132313,42
ENSG00000167601,42
ENSG00000172172,42
ENSG00000105364,42
ENSG00000104517,42
ENSG00000105726,42
ENSG00000138081,42
ENSG00000154582,42
ENSG00000104529,42
ENSG00000147669,42
ENSG00000046774,42
ENSG00000172590,42
ENSG00000169139,42
ENSG00000140044,42
ENSG00000121749,42
ENSG00000155463,42
ENSG00000120662,42
ENSG00000169136,42
ENSG00000095002,42
ENSG00000041357,42
ENSG00000056586,42
ENSG00000135119,42
ENSG00000173436,42
ENSG00000165502,42
ENSG00000117472,42
ENSG00000101109,42
ENSG00000122026,42
ENSG00000163512,42
ENSG00000215021,42
ENSG00000158290,42
ENSG00000134809,42
ENSG00000130312,42
ENSG00000175575,42
ENSG00000232119,42
ENSG00000174547,42
ENSG00000182154,42
ENSG00000136888,42
ENSG00000120333,42
ENSG00000105677,42
ENSG00000162543,42
ENSG00000174917,42
ENSG00000136144,42
ENSG00000158042,42
ENSG00000114388,42
ENSG00000187147,42
ENSG00000182568,43
ENSG00000107833,43
ENSG00000254772,43
ENSG00000204388,43
ENSG00000203880,43
ENSG00000114374,43
ENSG00000112039,44
ENSG00000170458,45
ENSG00000186283,45
ENSG00000110046,45
ENSG00000030110,45
ENSG00000111671,45
ENSG00000182362,45
ENSG00000003402,45
ENSG00000110446,45
ENSG00000155629,45
ENSG00000166896,45
ENSG00000152484,45
ENSG00000154920,45
ENSG00000155792,45
ENSG00000123091,45
ENSG00000204371,45
ENSG00000181652,45
ENSG00000152348,45
ENSG00000030582,45
ENSG00000153832,45
ENSG00000099785,45
ENSG00000135245,45
ENSG00000185972,45
ENSG00000112659,45
ENSG00000282419,45
ENSG00000119782,45
ENSG00000198925,45
ENSG00000197429,45
ENSG00000163719,45
ENSG00000174080,45
ENSG00000168610,45
ENSG00000260916,45
ENSG00000173418,45
ENSG00000135114,45
ENSG00000240065,45
ENSG00000139112,45
ENSG00000011422,45
ENSG00000265491,45
ENSG00000113194,46
ENSG00000167779,46
ENSG00000122257,46
ENSG00000165496,46
ENSG00000181610,46
ENSG00000044574,46
ENSG00000155090,46
ENSG00000176386,46
ENSG00000119048,46
ENSG00000132356,46
ENSG00000109079,46
ENSG00000055950,46
ENSG00000083520,46
ENSG00000136940,46
ENSG00000179041,46
ENSG00000145912,46
ENSG00000108061,46
ENSG00000164934,46
ENSG00000175768,46
ENSG00000148229,46
ENSG00000102738,46
ENSG00000113712,46
ENSG00000108651,46
ENSG00000165886,46
ENSG00000133119,46
ENSG00000119335,46
ENSG00000095794,46
ENSG00000096717,46
ENSG00000103264,46
ENSG00000108094,46
ENSG00000122692,46
ENSG00000136816,46
ENSG00000170312,46
ENSG00000136997,46
ENSG00000140057,46
ENSG00000165572,46
ENSG00000112029,46
ENSG00000065665,46
ENSG00000107897,46
ENSG00000070367,46
ENSG00000079950,46
ENSG00000057663,46
ENSG00000156735,46
ENSG00000102547,46
ENSG00000176953,46
ENSG00000180008,46
ENSG00000050130,46
ENSG00000130935,46
ENSG00000251258,46
ENSG00000136738,46
ENSG00000189401,46
ENSG00000104691,46
ENSG00000100811,46
ENSG00000274070,46
ENSG00000177971,46
ENSG00000179119,46
ENSG00000183496,46
ENSG00000147381,46
ENSG00000102158,46
ENSG00000154710,46
ENSG00000221867,46
ENSG00000100664,46
ENSG00000213401,46
ENSG00000174010,46
ENSG00000106636,46
ENSG00000162231,46
ENSG00000139233,46
ENSG00000140319,46
ENSG00000176410,46
ENSG00000091136,46
ENSG00000197172,46
ENSG00000033050,46
ENSG00000164535,46
ENSG00000183475,46
ENSG00000100814,46
ENSG00000125352,46
ENSG00000162191,46
ENSG00000104129,46
ENSG00000015153,46
ENSG00000169371,46
ENSG00000106346,46
ENSG00000102265,46
ENSG00000166471,46
ENSG00000128463,46
ENSG00000106459,46
ENSG00000126953,46
ENSG00000131263,46
ENSG00000104131,46
ENSG00000085224,46
ENSG00000132275,46
ENSG00000105879,46
ENSG00000126524,46
ENSG00000103657,46
ENSG00000196655,46
ENSG00000137825,46
ENSG00000132286,46
ENSG00000185591,46
ENSG00000165861,46
ENSG00000197498,46
ENSG00000002016,46
ENSG00000214253,46
ENSG00000103353,46
ENSG00000059804,46
ENSG00000204264,46
ENSG00000137193,46
ENSG00000152465,46
ENSG00000133703,46
ENSG00000146282,46
ENSG00000148572,46
ENSG00000196586,46
ENSG00000124562,46
ENSG00000236444,46
ENSG00000023287,46
ENSG00000173334,46
ENSG00000204315,46
ENSG00000129696,46
ENSG00000132952,46
ENSG00000258102,46
ENSG00000170734,46
ENSG00000136827,46
ENSG00000112343,46
ENSG00000204220,46
ENSG00000165406,46
ENSG00000140691,46
ENSG00000103066,46
ENSG00000168411,46
ENSG00000133606,46
ENSG00000089234,46
ENSG00000175197,46
ENSG00000198681,46
ENSG00000123395,46
ENSG00000175224,46
ENSG00000166170,46
ENSG00000196998,46
ENSG00000136048,46
ENSG00000006327,46
ENSG00000102393,46
ENSG00000146278,46
ENSG00000185345,46
ENSG00000124900,46
ENSG00000118515,46
ENSG00000135341,46
ENSG00000049130,46
ENSG00000112200,46
ENSG00000139323,46
ENSG00000155975,46
ENSG00000134574,46
ENSG00000165006,46
ENSG00000156261,46
ENSG00000069345,46
ENSG00000176641,46
ENSG00000144655,46
ENSG00000119231,46
ENSG00000125037,46
ENSG00000101695,46
ENSG00000227500,46
ENSG00000099860,46
ENSG00000087074,46
ENSG00000206418,46
ENSG00000163159,46
ENSG00000174521,46
ENSG00000078142,46
ENSG00000075975,46
ENSG00000143106,46
ENSG00000180667,46
ENSG00000104856,46
ENSG00000131791,46
ENSG00000134242,46
ENSG00000124216,46
ENSG00000232423,46
ENSG00000196455,46
ENSG00000168028,46
ENSG00000163728,46
ENSG00000130311,46
ENSG00000076242,46
ENSG00000134248,46
ENSG00000178502,46
ENSG00000116514,46
ENSG00000072134,46
ENSG00000143183,46
ENSG00000170185,46
ENSG00000163131,46
ENSG00000109534,46
ENSG00000138646,46
ENSG00000141564,46
ENSG00000088356,46
ENSG00000081721,46
ENSG00000100030,46
ENSG00000128276,46
ENSG00000164031,46
ENSG00000025800,46
ENSG00000145414,46
ENSG00000198498,46
ENSG00000143742,46
ENSG00000067048,46
ENSG00000174371,46
ENSG00000196289,46
ENSG00000176979,46
ENSG00000100138,46
ENSG00000116663,46
ENSG00000125730,46
ENSG00000143882,46
ENSG00000105643,46
ENSG00000082153,46
ENSG00000138100,46
ENSG00000115364,46
ENSG00000159399,46
ENSG00000127452,46
ENSG00000197019,46
ENSG00000173960,46
ENSG00000125656,46
ENSG00000128708,46
ENSG00000085978,46
ENSG00000013275,46
ENSG00000204673,46
ENSG00000129355,46
ENSG00000163481,46
ENSG00000198356,46
ENSG00000142546,46
ENSG00000126458,46
ENSG00000163516,46
ENSG00000167671,46
ENSG00000065135,46
ENSG00000115866,46
ENSG00000162772,46
ENSG00000163811,46
ENSG00000118162,46
ENSG00000142867,46
ENSG00000066044,46
ENSG00000142784,46
ENSG00000130309,46
ENSG00000163577,46
ENSG00000163960,46
ENSG00000169905,46
ENSG00000163961,46
ENSG00000152492,46
ENSG00000134108,46
ENSG00000105202,46
ENSG00000132661,46
ENSG00000144848,46
ENSG00000144566,46
ENSG00000168301,46
ENSG00000116062,46
ENSG00000153094,46
ENSG00000168958,46
ENSG00000138069,46
ENSG00000105576,46
ENSG00000101407,46
ENSG00000181449,46
ENSG00000250374,46
ENSG00000141682,46
ENSG00000145782,46
ENSG00000092969,46
ENSG00000128250,46
ENSG00000108654,46
ENSG00000185686,46
ENSG00000128253,46
ENSG00000173926,46
ENSG00000063978,46
ENSG00000164305,46
ENSG00000040633,46
ENSG00000073536,46
ENSG00000204501,46
ENSG00000113569,46
ENSG00000179859,46
ENSG00000109670,46
ENSG00000242485,46
ENSG00000177370,46
ENSG00000168591,46
ENSG00000198911,46
ENSG00000090621,46
ENSG00000172007,46
ENSG00000130770,46
ENSG00000109083,46
ENSG00000160201,46
ENSG00000143384,46
ENSG00000243725,46
ENSG00000126698,46
ENSG00000150457,47
ENSG00000139618,47
ENSG00000160714,47
ENSG00000008952,47
ENSG00000156256,47
ENSG00000128654,48
ENSG00000117461,48
ENSG00000158062,48
ENSG00000012963,48
ENSG00000138398,48
ENSG00000100575,48
ENSG00000172671,48
ENSG00000170027,48
ENSG00000106538,48
ENSG00000067704,48
ENSG00000117222,48
ENSG00000075336,48
ENSG00000104756,48
ENSG00000166348,48
ENSG00000118655,48
ENSG00000083635,48
ENSG00000180061,48
ENSG00000177034,48
ENSG00000126775,48
ENSG00000166199,48
ENSG00000163376,48
ENSG00000197579,48
ENSG00000135972,48
ENSG00000164287,48
ENSG00000099958,48
ENSG00000150967,48
ENSG00000048544,48
ENSG00000061794,48
ENSG00000156171,48
ENSG00000182831,48
ENSG00000182308,48
ENSG00000124659,48
ENSG00000139832,49
ENSG00000120925,49
ENSG00000113558,49
ENSG00000156831,49
ENSG00000152193,49
ENSG00000128731,49
ENSG00000099968,49
ENSG00000114737,49
ENSG00000064933,49
ENSG00000090520,49
ENSG00000221988,49
ENSG00000159720,49
ENSG00000077152,49
ENSG00000161921,49
ENSG00000156374,49
ENSG00000115009,49
ENSG00000081870,49
ENSG00000163002,49
ENSG00000171621,49
ENSG00000130349,49
ENSG00000164162,49
ENSG00000099940,49
ENSG00000139197,49
ENSG00000257218,50
ENSG00000121741,50
ENSG00000104881,50
ENSG00000136014,50
ENSG00000243927,50
ENSG00000120696,50
ENSG00000127870,50
ENSG00000110931,50
ENSG00000157557,50
ENSG00000102805,50
ENSG00000221983,50
ENSG00000105700,50
ENSG00000105701,50
ENSG00000184900,50
ENSG00000105325,50
ENSG00000136100,50
ENSG00000139517,50
ENSG00000139144,50
ENSG00000130255,50
ENSG00000100300,50
ENSG00000134905,50
ENSG00000100083,50
ENSG00000100330,50
ENSG00000134882,50
ENSG00000087088,50
ENSG00000007047,50
ENSG00000099949,50
ENSG00000134285,50
ENSG00000062822,50
ENSG00000065150,50
ENSG00000198300,50
ENSG00000100401,50
ENSG00000167470,50
ENSG00000150907,50
ENSG00000077463,50
ENSG00000105229,50
ENSG00000196072,50
ENSG00000167658,50
ENSG00000182944,50
ENSG00000167657,50
ENSG00000136156,50
ENSG00000204977,50
ENSG00000136167,50
ENSG00000136161,50
ENSG00000125247,50
ENSG00000100219,50
ENSG00000107566,50
ENSG00000196365,50
ENSG00000189306,50
ENSG00000138942,50
ENSG00000148773,50
ENSG00000154719,50
ENSG00000102710,50
ENSG00000130203,50
ENSG00000196419,50
ENSG00000100519,50
ENSG00000079999,50
ENSG00000151136,50
ENSG00000275993,50
ENSG00000104969,50
ENSG00000119599,50
ENSG00000130175,50
ENSG00000105669,50
ENSG00000105011,50
ENSG00000100647,50
ENSG00000160410,50
ENSG00000171223,50
ENSG00000107521,50
ENSG00000118939,50
ENSG00000197930,50
ENSG00000104774,50
ENSG00000139921,50
ENSG00000189046,50
ENSG00000138326,50
ENSG00000142541,50
ENSG00000080823,50
ENSG00000011304,50
ENSG00000090674,50
ENSG00000135093,50
ENSG00000104980,50
ENSG00000196663,50
ENSG00000070010,50
ENSG00000100764,50
ENSG00000066739,50
ENSG00000139977,50
ENSG00000174405,50
ENSG00000130734,50
ENSG00000166986,50
ENSG00000180628,50
ENSG00000130204,50
ENSG00000150093,50
ENSG00000100099,50
ENSG00000100335,50
ENSG00000154734,50
ENSG00000152457,50
ENSG00000095787,50
ENSG00000173141,50
ENSG00000131100,50
ENSG00000019995,50
ENSG00000150401,50
ENSG00000005810,50
ENSG00000132963,50
ENSG00000184787,50
ENSG00000155304,50
ENSG00000089351,50
ENSG00000185658,50
ENSG00000148737,50
ENSG00000169062,50
ENSG00000015475,50
ENSG00000102471,50
ENSG00000120694,50
ENSG00000139842,50
ENSG00000139719,50
ENSG00000133112,50
ENSG00000135446,50
ENSG00000172270,50
ENSG00000179218,50
ENSG00000160888,50
ENSG00000132972,50
ENSG00000107562,50
ENSG00000138303,50
ENSG00000079332,50
ENSG00000135677,50
ENSG00000177169,50
ENSG00000166598,50
ENSG00000099817,50
ENSG00000188026,50
ENSG00000139372,50
ENSG00000099991,50
ENSG00000100292,50
ENSG00000177889,50
ENSG00000186298,50
ENSG00000186815,50
ENSG00000151176,50
ENSG00000111540,50
ENSG00000229117,50
ENSG00000105223,50
ENSG00000100263,50
ENSG00000139131,50
ENSG00000123374,50
ENSG00000022840,50
ENSG00000167461,50
ENSG00000074590,50
ENSG00000110911,50
ENSG00000185344,50
ENSG00000068903,50
ENSG00000012504,50
ENSG00000245848,50
ENSG00000130921,50
ENSG00000100029,50
ENSG00000142273,50
ENSG00000087448,50
ENSG00000063046,50
ENSG00000152137,50
ENSG00000139278,50
ENSG00000104825,50
ENSG00000183735,50
ENSG00000120833,50
ENSG00000100311,50
ENSG00000102189,50
ENSG00000198355,50
ENSG00000186654,50
ENSG00000135404,50
ENSG00000123349,50
ENSG00000094914,50
ENSG00000129824,50
ENSG00000198692,50
ENSG00000196236,50
ENSG00000111481,50
ENSG00000111639,50
ENSG00000128228,50
ENSG00000079805,50
ENSG00000111640,50
ENSG00000123358,50
ENSG00000128626,50
ENSG00000198015,50
ENSG00000104805,50
ENSG00000111667,50
ENSG00000223573,50
ENSG00000183207,50
ENSG00000104835,50
ENSG00000135503,50
ENSG00000184575,50
ENSG00000100023,50
ENSG00000141971,50
ENSG00000161243,50
ENSG00000111725,50
ENSG00000125740,50
ENSG00000065717,50
ENSG00000120686,50
ENSG00000089248,50
ENSG00000100284,50
ENSG00000276043,50
ENSG00000139324,50
ENSG00000100353,50
ENSG00000135506,50
ENSG00000187109,50
ENSG00000126749,50
ENSG00000184967,50
ENSG00000087470,50
ENSG00000123415,50
ENSG00000005175,50
ENSG00000127666,50
ENSG00000133704,50
ENSG00000075188,50
ENSG00000165714,50
ENSG00000177981,50
ENSG00000011485,50
ENSG00000105640,50
ENSG00000130726,50
ENSG00000130725,50
ENSG00000102753,50
ENSG00000010278,50
ENSG00000130724,50
ENSG00000185022,50
ENSG00000105372,50
ENSG00000130479,50
ENSG00000184344,50
ENSG00000089053,50
ENSG00000139726,50
ENSG00000102575,50
ENSG00000111652,50
ENSG00000111445,50
ENSG00000130513,50
ENSG00000111300,50
ENSG00000004478,50
ENSG00000086544,50
ENSG00000111358,50
ENSG00000111361,50
ENSG00000142002,50
ENSG00000083845,50
ENSG00000130816,50
ENSG00000100216,50
ENSG00000136045,50
ENSG00000111057,50
ENSG00000076513,50
ENSG00000246705,50
ENSG00000139055,50
ENSG00000111530,50
ENSG00000128272,50
ENSG00000121316,50
ENSG00000104946,50
ENSG00000110917,50
ENSG00000100368,50
ENSG00000142230,50
ENSG00000067182,50
ENSG00000198431,50
ENSG00000170633,50
ENSG00000100154,50
ENSG00000099341,50
ENSG00000105612,50
ENSG00000089159,50
ENSG00000089154,50
ENSG00000135441,50
ENSG00000135679,50
ENSG00000166888,50
ENSG00000135108,50
ENSG00000089009,50
ENSG00000100380,50
ENSG00000076924,50
ENSG00000132383,50
ENSG00000054983,50
ENSG00000072849,50
ENSG00000108559,50
ENSG00000174231,50
ENSG00000181523,50
ENSG00000162063,50
ENSG00000087191,50
ENSG00000004779,50
ENSG00000278845,50
ENSG00000274211,50
ENSG00000033627,50
ENSG00000103356,50
ENSG00000011295,50
ENSG00000103365,50
ENSG00000103043,50
ENSG00000074071,50
ENSG00000182446,50
ENSG00000182810,50
ENSG00000108561,50
ENSG00000049283,50
ENSG00000108375,50
ENSG00000140992,50
ENSG00000172809,50
ENSG00000007520,50
ENSG00000173918,50
ENSG00000258429,50
ENSG00000062725,50
ENSG00000076604,50
ENSG00000132612,50
ENSG00000270647,50
ENSG00000197170,50
ENSG00000136485,50
ENSG00000166971,50
ENSG00000108523,50
ENSG00000167085,50
ENSG00000083799,50
ENSG00000184557,50
ENSG00000108588,50
ENSG00000278619,50
ENSG00000131165,50
ENSG00000051108,50
ENSG00000261609,50
ENSG00000173821,50
ENSG00000065427,50
ENSG00000108591,50
ENSG00000124422,50
ENSG00000125691,50
ENSG00000108946,50
ENSG00000103423,50
ENSG00000141510,50
ENSG00000126602,50
ENSG00000103187,50
ENSG00000118894,50
ENSG00000220205,50
ENSG00000141639,50
ENSG00000103111,50
ENSG00000087245,50
ENSG00000102921,50
ENSG00000153443,50
ENSG00000091164,50
ENSG00000141665,50
ENSG00000134419,50
ENSG00000101773,50
ENSG00000070770,50
ENSG00000175662,50
ENSG00000072310,50
ENSG00000159461,50
ENSG00000169727,50
ENSG00000173805,50
ENSG00000108733,50
ENSG00000035862,50
ENSG00000132470,50
ENSG00000161960,50
ENSG00000090861,50
ENSG00000178952,50
ENSG00000189091,50
ENSG00000157349,50
ENSG00000141376,50
ENSG00000089280,50
ENSG00000171298,50
ENSG00000184110,50
ENSG00000062716,50
ENSG00000108443,50
ENSG00000169682,50
ENSG00000170832,50
ENSG00000176046,50
ENSG00000167977,50
ENSG00000173812,50
ENSG00000126581,50
ENSG00000132581,50
ENSG00000108344,50
ENSG00000109111,50
ENSG00000109113,50
ENSG00000182473,50
ENSG00000167721,50
ENSG00000109046,50
ENSG00000011260,50
ENSG00000261371,50
ENSG00000108854,50
ENSG00000185359,50
ENSG00000069329,50
ENSG00000140718,50
ENSG00000185164,50
ENSG00000136448,50
ENSG00000167967,50
ENSG00000167965,50
ENSG00000083093,50
ENSG00000125445,50
ENSG00000141198,50
ENSG00000136450,50
ENSG00000131469,50
ENSG00000161970,50
ENSG00000170310,50
ENSG00000004142,50
ENSG00000176170,50
ENSG00000132507,50
ENSG00000262814,50
ENSG00000108469,50
ENSG00000176160,50
ENSG00000083290,50
ENSG00000204316,50
ENSG00000167881,50
ENSG00000070540,50
ENSG00000121064,50
ENSG00000154265,50
ENSG00000159217,50
ENSG00000169696,50
ENSG00000108468,50
ENSG00000132478,50
ENSG00000166562,50
ENSG00000108298,50
ENSG00000037042,50
ENSG00000108953,50
ENSG00000121060,50
ENSG00000188215,50
ENSG00000103196,50
ENSG00000108826,50
ENSG00000008517,50
ENSG00000103404,50
ENSG00000132591,50
ENSG00000140988,50
ENSG00000185338,50
ENSG00000103202,50
ENSG00000086504,50
ENSG00000189067,50
ENSG00000108389,50
ENSG00000170296,50
ENSG00000108395,50
ENSG00000108840,50
ENSG00000103549,50
ENSG00000167862,50
ENSG00000141456,50
ENSG00000183751,50
ENSG00000103319,50
ENSG00000089685,50
ENSG00000141101,50
ENSG00000100726,50
ENSG00000141736,50
ENSG00000174943,50
ENSG00000103266,50
ENSG00000178607,50
ENSG00000140968,50
ENSG00000176108,50
ENSG00000127554,50
ENSG00000141012,50
ENSG00000275700,50
ENSG00000103512,50
ENSG00000185624,50
ENSG00000171861,50
ENSG00000141576,50
ENSG00000141337,50
ENSG00000155393,50
ENSG00000187741,50
ENSG00000081913,50
ENSG00000078043,50
ENSG00000177426,50
ENSG00000167487,50
ENSG00000100442,50
ENSG00000126261,50
ENSG00000133265,50
ENSG00000092148,50
ENSG00000165355,50
ENSG00000254901,50
ENSG00000128016,50
ENSG00000105401,50
ENSG00000105193,50
ENSG00000126803,50
ENSG00000105197,50
ENSG00000089723,50
ENSG00000100644,50
ENSG00000065268,50
ENSG00000179115,50
ENSG00000009830,50
ENSG00000179262,50
ENSG00000198668,50
ENSG00000140009,50
ENSG00000074842,50
ENSG00000031823,50
ENSG00000051180,50
ENSG00000101460,50
ENSG00000078747,50
ENSG00000101310,50
ENSG00000142208,50
ENSG00000101104,50
ENSG00000140105,50
ENSG00000129460,50
ENSG00000182087,50
ENSG00000165516,50
ENSG00000101152,50
ENSG00000118705,50
ENSG00000213741,50
ENSG00000064601,50
ENSG00000078804,50
ENSG00000125912,50
ENSG00000156381,50
ENSG00000100906,50
ENSG00000171700,50
ENSG00000100994,50
ENSG00000179271,50
ENSG00000119616,50
ENSG00000063177,50
ENSG00000063176,50
ENSG00000100897,50
ENSG00000092201,50
ENSG00000100823,50
ENSG00000136319,50
ENSG00000179454,50
ENSG00000104872,50
ENSG00000100911,50
ENSG00000119655,50
ENSG00000119684,50
ENSG00000119718,50
ENSG00000119630,50
ENSG00000167670,50
ENSG00000100804,50
ENSG00000129562,50
ENSG00000042088,50
ENSG00000165914,50
ENSG00000142534,50
ENSG00000131981,50
ENSG00000129559,50
ENSG00000105438,50
ENSG00000100934,50
ENSG00000108107,50
ENSG00000130811,50
ENSG00000108551,50
ENSG00000157227,50
ENSG00000254858,50
ENSG00000039650,50
ENSG00000092140,50
ENSG00000105447,50
ENSG00000115268,50
ENSG00000100441,50
ENSG00000119638,50
ENSG00000233927,50
ENSG00000100883,50
ENSG00000100568,50
ENSG00000081181,50
ENSG00000167772,50
ENSG00000185236,50
ENSG00000139990,50
ENSG00000099797,50
ENSG00000197122,50
ENSG00000074696,50
ENSG00000167004,50
ENSG00000140332,50
ENSG00000174444,50
ENSG00000169032,50
ENSG00000049759,50
ENSG00000101558,50
ENSG00000213614,50
ENSG00000101751,50
ENSG00000169918,50
ENSG00000101752,50
ENSG00000182768,50
ENSG00000169594,50
ENSG00000140463,50
ENSG00000074695,50
ENSG00000255112,50
ENSG00000101782,50
ENSG00000166192,50
ENSG00000141452,50
ENSG00000198690,50
ENSG00000166794,50
ENSG00000185033,50
ENSG00000182774,50
ENSG00000059145,50
ENSG00000176624,50
ENSG00000134440,50
ENSG00000067369,50
ENSG00000170677,50
ENSG00000172349,50
ENSG00000140403,50
ENSG00000131196,50
ENSG00000141385,50
ENSG00000140612,50
ENSG00000167196,50
ENSG00000265681,50
ENSG00000140367,50
ENSG00000101557,50
ENSG00000069974,50
ENSG00000104142,50
ENSG00000141447,50
ENSG00000140598,50
ENSG00000140553,50
ENSG00000166233,50
ENSG00000141458,50
ENSG00000179455,50
ENSG00000154237,50
ENSG00000259494,50
ENSG00000100979,50
ENSG00000088832,50
ENSG00000242372,50
ENSG00000181991,50
ENSG00000166557,50
ENSG00000132646,50
ENSG00000140443,50
ENSG00000124207,50
ENSG00000087586,50
ENSG00000124217,50
ENSG00000101236,50
ENSG00000088833,50
ENSG00000124228,50
ENSG00000140464,50
ENSG00000169018,50
ENSG00000101255,50
ENSG00000101187,50
ENSG00000140511,50
ENSG00000064726,50
ENSG00000092470,50
ENSG00000124226,50
ENSG00000171858,50
ENSG00000131871,50
ENSG00000137818,50
ENSG00000166855,50
ENSG00000130702,50
ENSG00000182718,50
ENSG00000130706,50
ENSG00000125818,50
ENSG00000125821,50
ENSG00000157450,50
ENSG00000033800,50
ENSG00000197361,50
ENSG00000103671,50
ENSG00000170236,50
ENSG00000198171,50
ENSG00000171552,50
ENSG00000134153,50
ENSG00000125901,50
ENSG00000090339,50
ENSG00000157911,50
ENSG00000134452,50
ENSG00000114391,50
ENSG00000121579,50
ENSG00000174579,50
ENSG00000132155,50
ENSG00000058262,50
ENSG00000114098,50
ENSG00000168827,50
ENSG00000168036,50
ENSG00000163932,50
ENSG00000131374,50
ENSG00000182899,50
ENSG00000163820,50
ENSG00000114302,50
ENSG00000144867,50
ENSG00000164077,50
ENSG00000174173,50
ENSG00000163602,50
ENSG00000164081,50
ENSG00000173531,50
ENSG00000075651,50
ENSG00000073111,50
ENSG00000114686,50
ENSG00000144895,50
ENSG00000175110,50
ENSG00000129071,50
ENSG00000181789,50
ENSG00000003756,50
ENSG00000150995,50
ENSG00000152952,50
ENSG00000114026,50
ENSG00000145386,50
ENSG00000007062,50
ENSG00000004468,50
ENSG00000168538,50
ENSG00000179059,50
ENSG00000151729,50
ENSG00000184108,50
ENSG00000129128,50
ENSG00000052795,50
ENSG00000059691,50
ENSG00000170153,50
ENSG00000150961,50
ENSG00000114573,50
ENSG00000198856,50
ENSG00000169288,50
ENSG00000145354,50
ENSG00000109606,50
ENSG00000187098,50
ENSG00000163528,50
ENSG00000145050,50
ENSG00000153558,50
ENSG00000170275,50
ENSG00000144744,50
ENSG00000182247,50
ENSG00000144712,50
ENSG00000078081,50
ENSG00000138674,50
ENSG00000056736,50
ENSG00000132170,50
ENSG00000164049,50
ENSG00000114867,50
ENSG00000163635,50
ENSG00000175193,50
ENSG00000163902,50
ENSG00000185798,50
ENSG00000090530,50
ENSG00000163904,50
ENSG00000113916,50
ENSG00000174013,50
ENSG00000051382,50
ENSG00000145191,50
ENSG00000163638,50
ENSG00000114739,50
ENSG00000155890,50
ENSG00000120742,50
ENSG00000132394,50
ENSG00000181788,50
ENSG00000175792,50
ENSG00000065485,50
ENSG00000114125,50
ENSG00000158186,50
ENSG00000114520,50
ENSG00000163513,50
ENSG00000163412,50
ENSG00000114423,50
ENSG00000154174,50
ENSG00000138246,50
ENSG00000171109,50
ENSG00000136522,50
ENSG00000041802,50
ENSG00000164045,50
ENSG00000121879,50
ENSG00000186792,50
ENSG00000184500,50
ENSG00000196549,50
ENSG00000058056,50
ENSG00000163686,50
ENSG00000073282,50
ENSG00000129055,50
ENSG00000177479,50
ENSG00000082701,50
ENSG00000144713,50
ENSG00000172053,50
ENSG00000184432,50
ENSG00000164091,50
ENSG00000162244,50
ENSG00000114767,50
ENSG00000186432,50
ENSG00000188313,50
ENSG00000114648,50
ENSG00000164068,50
ENSG00000169251,50
ENSG00000018408,50
ENSG00000163636,50
ENSG00000114850,50
ENSG00000177383,50
ENSG00000134109,50
ENSG00000118564,50
ENSG00000114738,50
ENSG00000109339,50
ENSG00000163291,50
ENSG00000019582,50
ENSG00000146083,50
ENSG00000113734,50
ENSG00000113732,50
ENSG00000037241,50
ENSG00000120129,50
ENSG00000170606,50
ENSG00000169228,50
ENSG00000043143,50
ENSG00000083312,50
ENSG00000186468,50
ENSG00000134058,50
ENSG00000134987,50
ENSG00000086189,50
ENSG00000094880,50
ENSG00000127022,50
ENSG00000176783,50
ENSG00000072682,50
ENSG00000158985,50
ENSG00000145604,50
ENSG00000164615,50
ENSG00000113615,50
ENSG00000152700,50
ENSG00000164338,50
ENSG00000113013,50
ENSG00000152503,50
ENSG00000125347,50
ENSG00000113068,50
ENSG00000132842,50
ENSG00000145592,50
ENSG00000164284,50
ENSG00000133706,50
ENSG00000156463,50
ENSG00000120705,50
ENSG00000113296,50
ENSG00000171617,50
ENSG00000161011,50
ENSG00000145495,50
ENSG00000164292,50
ENSG00000113140,50
ENSG00000150753,50
ENSG00000113648,50
ENSG00000153071,50
ENSG00000113575,50
ENSG00000070808,50
ENSG00000168724,50
ENSG00000134352,50
ENSG00000113048,50
ENSG00000171530,50
ENSG00000164253,50
ENSG00000145703,50
ENSG00000134056,50
ENSG00000196743,50
ENSG00000145675,50
ENSG00000134057,50
ENSG00000164332,50
ENSG00000172062,50
ENSG00000170445,50
ENSG00000112855,50
ENSG00000169247,50
ENSG00000154277,50
ENSG00000163071,50
ENSG00000168884,50
ENSG00000178950,50
ENSG00000138798,50
ENSG00000163104,50
ENSG00000170088,50
ENSG00000109189,50
ENSG00000198589,50
ENSG00000145416,50
ENSG00000138642,50
ENSG00000013288,50
ENSG00000164163,50
ENSG00000179046,50
ENSG00000109790,50
ENSG00000118785,50
ENSG00000125089,50
ENSG00000151806,50
ENSG00000164022,50
ENSG00000109332,50
ENSG00000109323,50
ENSG00000171497,50
ENSG00000153130,50
ENSG00000137473,50
ENSG00000087269,50
ENSG00000109685,50
ENSG00000013810,50
ENSG00000164164,50
ENSG00000072201,50
ENSG00000164070,50
ENSG00000170464,50
ENSG00000113520,50
ENSG00000113269,50
ENSG00000013561,50
ENSG00000120725,50
ENSG00000123213,50
ENSG00000082515,50
ENSG00000081791,50
ENSG00000168938,50
ENSG00000134970,50
ENSG00000113369,50
ENSG00000113318,50
ENSG00000152409,50
ENSG00000134480,50
ENSG00000113273,50
ENSG00000113597,50
ENSG00000170571,50
ENSG00000112996,50
ENSG00000177058,50
ENSG00000183580,50
ENSG00000145425,50
ENSG00000164024,50
ENSG00000178222,50
ENSG00000164134,50
ENSG00000163440,50
ENSG00000138685,50
ENSG00000164073,50
ENSG00000145332,50
ENSG00000237693,50
ENSG00000011198,50
ENSG00000079246,50
ENSG00000162595,50
ENSG00000162409,50
ENSG00000143374,50
ENSG00000198625,50
ENSG00000158615,50
ENSG00000090273,50
ENSG00000175793,50
ENSG00000265972,50
ENSG00000135823,50
ENSG00000116898,50
ENSG00000143553,50
ENSG00000054116,50
ENSG00000198700,50
ENSG00000180198,50
ENSG00000197785,50
ENSG00000132485,50
ENSG00000173641,50
ENSG00000174842,50
ENSG00000143436,50
ENSG00000168264,50
ENSG00000143382,50
ENSG00000171824,50
ENSG00000143033,50
ENSG00000122406,50
ENSG00000085831,50
ENSG00000143319,50
ENSG00000143486,50
ENSG00000118217,50
ENSG00000131788,50
ENSG00000136628,50
ENSG00000160087,50
ENSG00000116717,50
ENSG00000143643,50
ENSG00000143575,50
ENSG00000162909,50
ENSG00000162601,50
ENSG00000084623,50
ENSG00000054523,50
ENSG00000143258,50
ENSG00000084072,50
ENSG00000090686,50
ENSG00000122218,50
ENSG00000155363,50
ENSG00000134684,50
ENSG00000031698,50
ENSG00000086619,50
ENSG00000077585,50
ENSG00000183291,50
ENSG00000133056,50
ENSG00000116406,50
ENSG00000127463,50
ENSG00000007923,50
ENSG00000053372,50
ENSG00000127481,50
ENSG00000163444,50
ENSG00000162413,50
ENSG00000117335,50
ENSG00000116221,50
ENSG00000116525,50
ENSG00000143570,50
ENSG00000177628,50
ENSG00000142676,50
ENSG00000158828,50
ENSG00000117280,50
ENSG00000076321,50
ENSG00000097046,50
ENSG00000069248,50
ENSG00000173726,50
ENSG00000143476,50
ENSG00000116679,50
ENSG00000121481,50
ENSG00000117592,50
ENSG00000132718,50
ENSG00000143318,50
ENSG00000134253,50
ENSG00000162627,50
ENSG00000117525,50
ENSG00000066135,50
ENSG00000162600,50
ENSG00000123080,50
ENSG00000117862,50
ENSG00000162378,50
ENSG00000162396,50
ENSG00000126067,50
ENSG00000028137,50
ENSG00000060688,50
ENSG00000065183,50
ENSG00000163479,50
ENSG00000160803,50
ENSG00000163468,50
ENSG00000117450,50
ENSG00000174574,50
ENSG00000196188,50
ENSG00000117593,50
ENSG00000116141,50
ENSG00000116478,50
ENSG00000117385,50
ENSG00000162889,50
ENSG00000117410,50
ENSG00000169914,50
ENSG00000215915,50
ENSG00000116977,50
ENSG00000131238,50
ENSG00000177954,50
ENSG00000160741,50
ENSG00000142871,50
ENSG00000070785,50
ENSG00000173846,50
ENSG00000142937,50
ENSG00000116688,50
ENSG00000158882,50
ENSG00000158859,50
ENSG00000083444,50
ENSG00000244038,50
ENSG00000162734,50
ENSG00000159352,50
ENSG00000116678,50
ENSG00000143401,50
ENSG00000170248,50
ENSG00000224051,50
ENSG00000162736,50
ENSG00000116030,50
ENSG00000138442,50
ENSG00000115275,50
ENSG00000018699,50
ENSG00000172071,50
ENSG00000144468,50
ENSG00000169047,50
ENSG00000170500,50
ENSG00000087338,50
ENSG00000138095,50
ENSG00000135945,50
ENSG00000143947,50
ENSG00000055044,50
ENSG00000115137,50
ENSG00000114988,50
ENSG00000080345,50
ENSG00000077232,50
ENSG00000115271,50
ENSG00000115414,50
ENSG00000115053,50
ENSG00000197635,50
ENSG00000144357,50
ENSG00000144381,50
ENSG00000213160,50
ENSG00000115514,50
ENSG00000115594,50
ENSG00000082898,50
ENSG00000119041,50
ENSG00000115966,50
ENSG00000115355,50
ENSG00000122085,50
ENSG00000158019,50
ENSG00000153827,50
ENSG00000153561,50
ENSG00000162924,50
ENSG00000239305,50
ENSG00000115561,50
ENSG00000144029,50
ENSG00000068724,50
ENSG00000124383,50
ENSG00000115415,50
ENSG00000075426,50
ENSG00000135624,50
ENSG00000116005,50
ENSG00000115211,50
ENSG00000198648,50
ENSG00000115484,50
ENSG00000115317,50
ENSG00000197756,50
ENSG00000143870,50
ENSG00000082438,50
ENSG00000068878,50
ENSG00000135930,50
ENSG00000168894,50
ENSG00000118640,50
ENSG00000124839,50
ENSG00000173163,50
ENSG00000184182,50
ENSG00000085760,50
ENSG00000152256,50
ENSG00000115464,50
ENSG00000171055,50
ENSG00000171132,50
ENSG00000049323,50
ENSG00000171863,50
ENSG00000077254,50
ENSG00000134375,50
ENSG00000235750,50
ENSG00000116161,50
ENSG00000197323,50
ENSG00000132128,50
ENSG00000011021,50
ENSG00000115946,50
ENSG00000160072,50
ENSG00000143569,50
ENSG00000116251,50
ENSG00000159388,50
ENSG00000085832,50
ENSG00000131778,50
ENSG00000077549,50
ENSG00000097033,50
ENSG00000116260,50
ENSG00000162923,50
ENSG00000162585,50
ENSG00000117676,50
ENSG00000143816,50
ENSG00000177606,50
ENSG00000116016,50
ENSG00000176407,50
ENSG00000119801,50
ENSG00000197329,50
ENSG00000081479,50
ENSG00000138363,50
ENSG00000115307,50
ENSG00000115289,50
ENSG00000123485,50
ENSG00000151665,50
ENSG00000168397,50
ENSG00000136536,50
ENSG00000144583,50
ENSG00000196141,50
ENSG00000136731,50
ENSG00000135916,50
ENSG00000130147,50
ENSG00000115233,50
ENSG00000136560,50
ENSG00000153107,50
ENSG00000115020,50
ENSG00000170035,50
ENSG00000138376,50
ENSG00000144118,50
ENSG00000144228,50
ENSG00000198612,50
ENSG00000116120,50
ENSG00000136718,50
ENSG00000144021,50
ENSG00000163162,50
ENSG00000116288,50
ENSG00000166275,50
ENSG00000123643,50
ENSG00000113643,50
ENSG00000106799,50
ENSG00000196363,50
ENSG00000165688,50
ENSG00000086065,50
ENSG00000107262,50
ENSG00000165661,50
ENSG00000130560,50
ENSG00000137075,50
ENSG00000097007,50
ENSG00000119396,50
ENSG00000155158,50
ENSG00000187239,50
ENSG00000078902,50
ENSG00000136878,50
ENSG00000122140,50
ENSG00000198642,50
ENSG00000221829,50
ENSG00000136930,50
ENSG00000136874,50
ENSG00000165271,50
ENSG00000148218,50
ENSG00000196305,50
ENSG00000136813,50
ENSG00000135063,50
ENSG00000059769,50
ENSG00000177239,50
ENSG00000106803,50
ENSG00000137073,50
ENSG00000149100,50
ENSG00000166016,50
ENSG00000110344,50
ENSG00000162341,50
ENSG00000197345,50
ENSG00000110619,50
ENSG00000076043,50
ENSG00000168496,50
ENSG00000174903,50
ENSG00000175592,50
ENSG00000110315,50
ENSG00000149357,50
ENSG00000168439,50
ENSG00000214026,50
ENSG00000135362,50
ENSG00000177830,50
ENSG00000110042,50
ENSG00000121236,50
ENSG00000126432,50
ENSG00000149257,50
ENSG00000110172,50
ENSG00000154127,50
ENSG00000137699,50
ENSG00000166266,50
ENSG00000173120,50
ENSG00000214414,50
ENSG00000169519,50
ENSG00000110107,50
ENSG00000177600,50
ENSG00000130714,50
ENSG00000095319,50
ENSG00000160445,50
ENSG00000147854,50
ENSG00000137074,50
ENSG00000176399,50
ENSG00000120158,50
ENSG00000104626,50
ENSG00000154359,50
ENSG00000157168,50
ENSG00000154188,50
ENSG00000198363,50
ENSG00000129691,50
ENSG00000214050,50
ENSG00000120885,50
ENSG00000107372,50
ENSG00000187840,50
ENSG00000253729,50
ENSG00000155100,50
ENSG00000169398,50
ENSG00000164695,50
ENSG00000104343,50
ENSG00000048392,50
ENSG00000160949,50
ENSG00000160957,50
ENSG00000147457,50
ENSG00000173530,50
ENSG00000120889,50
ENSG00000008853,50
ENSG00000104723,50
ENSG00000135040,50
ENSG00000130222,50
ENSG00000136891,50
ENSG00000165280,50
ENSG00000148356,50
ENSG00000136943,50
ENSG00000155876,50
ENSG00000135047,50
ENSG00000198876,50
ENSG00000095261,50
ENSG00000148187,50
ENSG00000147912,50
ENSG00000148384,50
ENSG00000107223,50
ENSG00000172889,50
ENSG00000159069,50
ENSG00000155827,50
ENSG00000136897,50
ENSG00000197070,50
ENSG00000167118,50
ENSG00000197958,50
ENSG00000148344,50
ENSG00000119487,50
ENSG00000136942,50
ENSG00000187742,50
ENSG00000148331,50
ENSG00000196781,50
ENSG00000086061,50
ENSG00000196730,50
ENSG00000136810,50
ENSG00000129084,50
ENSG00000136574,50
ENSG00000129083,50
ENSG00000133318,50
ENSG00000196372,50
ENSG00000197893,50
ENSG00000185532,50
ENSG00000151929,50
ENSG00000122861,50
ENSG00000148824,50
ENSG00000170430,50
ENSG00000072422,50
ENSG00000148843,50
ENSG00000166169,50
ENSG00000052749,50
ENSG00000166167,50
ENSG00000138180,50
ENSG00000165733,50
ENSG00000148481,50
ENSG00000067082,50
ENSG00000174775,50
ENSG00000149292,50
ENSG00000110330,50
ENSG00000137693,50
ENSG00000109919,50
ENSG00000167770,50
ENSG00000074266,50
ENSG00000073921,50
ENSG00000180210,50
ENSG00000110321,50
ENSG00000072401,50
ENSG00000166313,50
ENSG00000187522,50
ENSG00000165868,50
ENSG00000198924,50
ENSG00000168283,50
ENSG00000182180,50
ENSG00000213551,50
ENSG00000165732,50
ENSG00000107643,50
ENSG00000107954,50
ENSG00000136758,50
ENSG00000065675,50
ENSG00000176171,50
ENSG00000107872,50
ENSG00000148719,50
ENSG00000138166,50
ENSG00000148672,50
ENSG00000130640,50
ENSG00000148516,50
ENSG00000266412,50
ENSG00000108179,50
ENSG00000107937,50
ENSG00000168209,50
ENSG00000165338,50
ENSG00000179988,50
ENSG00000107959,50
ENSG00000148840,50
ENSG00000265354,50
ENSG00000176986,50
ENSG00000148730,50
ENSG00000118363,50
ENSG00000148925,50
ENSG00000110395,50
ENSG00000166340,50
ENSG00000132254,50
ENSG00000132256,50
ENSG00000084207,50
ENSG00000118181,50
ENSG00000196954,50
ENSG00000165916,50
ENSG00000089597,50
ENSG00000167986,50
ENSG00000205339,50
ENSG00000142102,50
ENSG00000137509,50
ENSG00000173113,50
ENSG00000085733,50
ENSG00000149131,50
ENSG00000213593,50
ENSG00000156587,50
ENSG00000123444,50
ENSG00000117984,50
ENSG00000109861,50
ENSG00000002330,50
ENSG00000175390,50
ENSG00000182934,50
ENSG00000175634,50
ENSG00000175581,50
ENSG00000162222,50
ENSG00000167325,50
ENSG00000110711,50
ENSG00000074319,50
ENSG00000129757,50
ENSG00000134575,50
ENSG00000132274,50
ENSG00000110719,50
ENSG00000175104,50
ENSG00000149212,50
ENSG00000048028,50
ENSG00000014216,50
ENSG00000149792,50
ENSG00000162129,50
ENSG00000118369,50
ENSG00000188997,50
ENSG00000149428,50
ENSG00000030066,50
ENSG00000110092,50
ENSG00000036672,50
ENSG00000173456,50
ENSG00000110429,50
ENSG00000137474,50
ENSG00000142186,50
ENSG00000185627,50
ENSG00000149196,50
ENSG00000095139,50
ENSG00000168040,50
ENSG00000011405,50
ENSG00000110700,50
ENSG00000154114,50
ENSG00000048649,50
ENSG00000184743,50
ENSG00000161016,50
ENSG00000168495,50
ENSG00000168487,50
ENSG00000105854,50
ENSG00000106397,50
ENSG00000106366,50
ENSG00000006715,50
ENSG00000239789,50
ENSG00000146729,50
ENSG00000146731,50
ENSG00000106100,50
ENSG00000122550,50
ENSG00000106399,50
ENSG00000178381,50
ENSG00000118503,50
ENSG00000128590,50
ENSG00000135547,50
ENSG00000124608,50
ENSG00000096384,50
ENSG00000111859,50
ENSG00000112715,50
ENSG00000112062,50
ENSG00000204209,50
ENSG00000291237,50
ENSG00000124614,50
ENSG00000137309,50
ENSG00000055208,50
ENSG00000285219,50
ENSG00000146247,50
ENSG00000146373,50
ENSG00000056972,50
ENSG00000164603,50
ENSG00000106615,50
ENSG00000055609,50
ENSG00000106682,50
ENSG00000185467,50
ENSG00000122674,50
ENSG00000122687,50
ENSG00000105835,50
ENSG00000146574,50
ENSG00000198742,50
ENSG00000180535,50
ENSG00000146833,50
ENSG00000136267,50
ENSG00000136240,50
ENSG00000064393,50
ENSG00000146830,50
ENSG00000049541,50
ENSG00000161057,50
ENSG00000106683,50
ENSG00000106591,50
ENSG00000122565,50
ENSG00000105793,50
ENSG00000106080,50
ENSG00000164897,50
ENSG00000168090,50
ENSG00000106554,50
ENSG00000122779,50
ENSG00000006530,50
ENSG00000164675,50
ENSG00000197442,50
ENSG00000025796,50
ENSG00000189298,50
ENSG00000118420,50
ENSG00000130338,50
ENSG00000008018,50
ENSG00000001036,50
ENSG00000186231,50
ENSG00000118689,50
ENSG00000112306,50
ENSG00000146072,50
ENSG00000168216,50
ENSG00000047932,50
ENSG00000112249,50
ENSG00000196591,50
ENSG00000112208,50
ENSG00000112339,50
ENSG00000112701,50
ENSG00000005700,50
ENSG00000124731,50
ENSG00000065615,50
ENSG00000112079,50
ENSG00000065308,50
ENSG00000112078,50
ENSG00000124784,50
ENSG00000007944,50
ENSG00000204713,50
ENSG00000008083,50
ENSG00000153162,50
ENSG00000198833,50
ENSG00000118496,50
ENSG00000137393,50
ENSG00000021355,50
ENSG00000137409,50
ENSG00000137168,50
ENSG00000137161,50
ENSG00000014123,50
ENSG00000112578,50
ENSG00000135317,50
ENSG00000231500,50
ENSG00000111875,50
ENSG00000123552,50
ENSG00000204619,50
ENSG00000135334,50
ENSG00000164430,50
ENSG00000010017,50
ENSG00000204386,50
ENSG00000112561,50
ENSG00000204435,50
ENSG00000204389,50
ENSG00000204390,50
ENSG00000204394,50
ENSG00000180992,50
ENSG00000024048,50
ENSG00000130348,50
ENSG00000124541,50
ENSG00000146223,50
ENSG00000112110,50
ENSG00000112367,50
ENSG00000112293,50
ENSG00000146678,50
ENSG00000146674,50
ENSG00000122642,50
ENSG00000105875,50
ENSG00000133874,50
ENSG00000221914,50
ENSG00000104765,50
ENSG00000168300,50
ENSG00000134020,50
ENSG00000102096,50
ENSG00000166681,50
ENSG00000005893,50
ENSG00000129682,50
ENSG00000182492,50
ENSG00000086758,50
ENSG00000198034,50
ENSG00000164949,50
ENSG00000102144,50
ENSG00000102030,50
ENSG00000102054,50
ENSG00000068323,50
ENSG00000102226,50
ENSG00000005022,50
ENSG00000186416,50
ENSG00000068308,50
ENSG00000182872,50
ENSG00000101846,50
ENSG00000155008,50
ENSG00000185515,50
ENSG00000130741,50
ENSG00000169446,50
ENSG00000189221,50
ENSG00000176566,50
ENSG00000156482,50
ENSG00000158806,50
ENSG00000104635,50
ENSG00000070501,50
ENSG00000137563,50
ENSG00000008988,50
ENSG00000104408,50
ENSG00000120526,50
ENSG00000175073,50
ENSG00000164938,50
ENSG00000179632,50
ENSG00000179526,50
ENSG00000185189,50
ENSG00000164924,50
ENSG00000172680,50
ENSG00000160948,50
ENSG00000185122,50
ENSG00000047249,50
ENSG00000104324,50
ENSG00000147604,50
ENSG00000067167,50
ENSG00000104375,50
ENSG00000104388,50
ENSG00000034677,50
ENSG00000215114,50
ENSG00000156509,50
ENSG00000164841,50
ENSG00000261236,50
ENSG00000145860,50
ENSG00000072506,50
ENSG00000184831,50
ENSG00000106078,50
ENSG00000015676,50
ENSG00000146648,50
ENSG00000001626,50
ENSG00000106305,50
ENSG00000155660,50
ENSG00000196584,50
ENSG00000136244,50
ENSG00000157778,50
ENSG00000188186,50
ENSG00000127922,50
ENSG00000196683,50
ENSG00000170852,50
ENSG00000136261,50
ENSG00000055130,50
ENSG00000106263,50
ENSG00000136273,50
ENSG00000005486,50
ENSG00000009954,50
ENSG00000064419,50
ENSG00000091073,50
ENSG00000106052,50
ENSG00000171130,50
ENSG00000077800,50
ENSG00000146755,50
ENSG00000130305,50
ENSG00000169871,50
ENSG00000106246,50
ENSG00000130066,50
ENSG00000136238,50
ENSG00000105819,50
ENSG00000123131,50
ENSG00000123595,50
ENSG00000071553,50
ENSG00000160131,50
ENSG00000198918,50
ENSG00000181191,50
ENSG00000147403,50
ENSG00000196924,50
ENSG00000083750,50
ENSG00000188021,50
ENSG00000147224,50
ENSG00000241343,50
ENSG00000185825,50
ENSG00000179222,50
ENSG00000102178,50
ENSG00000155959,50
ENSG00000182220,50
ENSG00000171365,50
ENSG00000012174,50
ENSG00000106617,50
ENSG00000174697,50
ENSG00000155034,50
ENSG00000105993,50
ENSG00000157954,50
ENSG00000080802,50
ENSG00000005249,50
ENSG00000186591,50
ENSG00000107341,50
ENSG00000082996,51