,ENSEMBL_mice,Spearman,p-value,Subprocess,Hallmark,module,Module source df
4,ENSMUSG00000034645,0.20213437068296775,0.07993104143111296,,,6.0,Embryo WGCNA modules
6,ENSMUSG00000026029,0.20223057279030937,0.07978457567068431,,,7.0,Embryo WGCNA modules
8,ENSMUSG00000028673,0.2705890416356372,0.018072404447718928,,,7.0,Embryo WGCNA modules
9,ENSMUSG00000037795,-0.31878629741379655,0.00500546631391351,,,7.0,Embryo WGCNA modules
29,ENSMUSG00000021071,-0.3157353162952475,0.0054635852064128295,,,15.0,Embryo WGCNA modules
32,ENSMUSG00000034908,0.2461399632126701,0.03208670925005112,,,15.0,Embryo WGCNA modules
34,ENSMUSG00000002068,-0.25904478875464093,0.02384654053591397,,,16.0,Embryo WGCNA modules
43,ENSMUSG00000031986,0.22578634593081837,0.04986241040534781,,,16.0,Embryo WGCNA modules
56,ENSMUSG00000042626,0.20878605924773222,0.07029689569299204,,,18.0,Embryo WGCNA modules
57,ENSMUSG00000056999,0.25783539083377466,0.024533454803978807,,,18.0,Embryo WGCNA modules
64,ENSMUSG00000061979,0.21550646360345505,0.06153398621531021,,,19.0,Embryo WGCNA modules
69,ENSMUSG00000015839,0.22008293528127856,0.056090153671539585,,,20.0,Embryo WGCNA modules
70,ENSMUSG00000020366,0.22192451847896127,0.05401343602845581,,,20.0,Embryo WGCNA modules
77,ENSMUSG00000032586,-0.34357895479155515,0.002376084662426404,,,20.0,Embryo WGCNA modules
78,ENSMUSG00000034317,-0.3763151576040945,0.0008071554701627003,,,20.0,Embryo WGCNA modules
86,ENSMUSG00000006056,-0.26532541204823057,0.020536309252846045,,,24.0,Embryo WGCNA modules
87,ENSMUSG00000016510,0.22387604694217733,0.05188177472667259,,,24.0,Embryo WGCNA modules
88,ENSMUSG00000019809,0.2836038124431413,0.013041772250739036,,,24.0,Embryo WGCNA modules
91,ENSMUSG00000021666,0.2513348770091184,0.028520010513358812,,,24.0,Embryo WGCNA modules
94,ENSMUSG00000022517,0.20139224014061796,0.0810681269272771,,,24.0,Embryo WGCNA modules
103,ENSMUSG00000033685,-0.20900594977879883,0.06999510478431704,,,24.0,Embryo WGCNA modules
104,ENSMUSG00000038615,0.32747197339092704,0.0038819803790489903,,,24.0,Embryo WGCNA modules
115,ENSMUSG00000024392,0.2798656734150092,0.01434443609547294,,,29.0,Embryo WGCNA modules
116,ENSMUSG00000033904,-0.20761789080144094,0.07191773760812865,,,29.0,Embryo WGCNA modules
117,ENSMUSG00000041058,0.28523924826794905,0.012504893594741752,,,29.0,Embryo WGCNA modules
122,ENSMUSG00000020402,0.3216861037922373,0.004601921945657644,,,30.0,Embryo WGCNA modules
124,ENSMUSG00000024317,-0.2552654202519338,0.02604905653138326,,,30.0,Embryo WGCNA modules
134,ENSMUSG00000035168,0.2445457568624373,0.033253615323867336,,,30.0,Embryo WGCNA modules
137,ENSMUSG00000056493,0.3382740957295735,0.002800997934528853,,,30.0,Embryo WGCNA modules
144,ENSMUSG00000037820,0.2707539595339371,0.017999493997505472,,,32.0,Embryo WGCNA modules
146,ENSMUSG00000020738,-0.2476791969301363,0.03099285358228067,,,33.0,Embryo WGCNA modules
162,ENSMUSG00000020883,0.3365424577974241,0.002953733985112464,,,35.0,Embryo WGCNA modules
166,ENSMUSG00000024867,-0.28301285664089976,0.013240623151037223,,,35.0,Embryo WGCNA modules
188,ENSMUSG00000069733,-0.28375498718324954,0.012991320921885954,,,36.0,Embryo WGCNA modules
189,ENSMUSG00000070732,-0.24695080954597817,0.031506509615045884,,,36.0,Embryo WGCNA modules
209,ENSMUSG00000000131,0.24601627478894514,0.032175997873763115,,,39.0,Embryo WGCNA modules
211,ENSMUSG00000021993,0.23377112084017412,0.04210824159069925,,,39.0,Embryo WGCNA modules
212,ENSMUSG00000022257,0.3504230475710029,0.0019136020144200651,,,39.0,Embryo WGCNA modules
220,ENSMUSG00000040782,0.221814573213428,0.054135629063610934,,,39.0,Embryo WGCNA modules
223,ENSMUSG00000003344,0.26625994680526355,0.020078993726685614,,,40.0,Embryo WGCNA modules
231,ENSMUSG00000038861,0.26444584992396414,0.02097482184387855,,,40.0,Embryo WGCNA modules
232,ENSMUSG00000054455,0.3095508951089995,0.006507328427160638,,,40.0,Embryo WGCNA modules
240,ENSMUSG00000022124,0.3118734888433905,0.006096369792151832,,,41.0,Embryo WGCNA modules
241,ENSMUSG00000022270,0.25346506652882606,0.027157387702018372,,,41.0,Embryo WGCNA modules
246,ENSMUSG00000024781,0.2047868002139585,0.07597044076642946,,,41.0,Embryo WGCNA modules
256,ENSMUSG00000040697,0.22757295649573447,0.0480326574302384,,,41.0,Embryo WGCNA modules
257,ENSMUSG00000045078,0.21769162575592935,0.058883504372365385,,,41.0,Embryo WGCNA modules
262,ENSMUSG00000059263,0.395253229592205,0.00040981521412212845,,,41.0,Embryo WGCNA modules
267,ENSMUSG00000000959,0.25442708760224236,0.026560290369421962,,,42.0,Embryo WGCNA modules
269,ENSMUSG00000001403,-0.22149848057501975,0.054488193227537514,,,42.0,Embryo WGCNA modules
274,ENSMUSG00000001794,0.2078102950161242,0.07164873171949727,,,42.0,Embryo WGCNA modules
276,ENSMUSG00000002602,0.23805898619597274,0.03837489140322478,,,42.0,Embryo WGCNA modules
277,ENSMUSG00000002767,0.2775568228388099,0.015203965362777893,,,42.0,Embryo WGCNA modules
279,ENSMUSG00000003299,0.234059727162199,0.04184784759872239,,,42.0,Embryo WGCNA modules
281,ENSMUSG00000004085,0.20661464025344958,0.07333356747924465,,,42.0,Embryo WGCNA modules
306,ENSMUSG00000020176,0.2005401643327349,0.08238949124826493,,,42.0,Embryo WGCNA modules
310,ENSMUSG00000020477,0.2645008225567308,0.020947182559161625,,,42.0,Embryo WGCNA modules
311,ENSMUSG00000020593,0.2715922921836285,0.01763275545989349,,,42.0,Embryo WGCNA modules
317,ENSMUSG00000021024,0.23165467447865812,0.04405911346341188,,,42.0,Embryo WGCNA modules
323,ENSMUSG00000022022,0.30619756451023394,0.007143689563731814,,,42.0,Embryo WGCNA modules
325,ENSMUSG00000022217,0.2981303306517282,0.008903486579038654,,,42.0,Embryo WGCNA modules
328,ENSMUSG00000022437,0.27111128164692033,0.017842386669898975,,,42.0,Embryo WGCNA modules
329,ENSMUSG00000022453,0.2778866586354098,0.015078519291277966,,,42.0,Embryo WGCNA modules
332,ENSMUSG00000023967,0.2329740176650577,0.04283440939339893,,,42.0,Embryo WGCNA modules
338,ENSMUSG00000024570,0.21608367624750488,0.06082463101535563,,,42.0,Embryo WGCNA modules
351,ENSMUSG00000026172,0.24378988316189587,0.033819199231495664,,,42.0,Embryo WGCNA modules
360,ENSMUSG00000027993,0.23551650193051524,0.040553772441484476,,,42.0,Embryo WGCNA modules
364,ENSMUSG00000028699,-0.28048411553363395,0.01412146059956435,,,42.0,Embryo WGCNA modules
367,ENSMUSG00000028879,0.27996187552235074,0.014309552503695337,,,42.0,Embryo WGCNA modules
372,ENSMUSG00000029815,0.26899483528540435,0.018790364267126568,,,42.0,Embryo WGCNA modules
373,ENSMUSG00000030103,0.31632627209748904,0.00537205998289917,,,42.0,Embryo WGCNA modules
376,ENSMUSG00000030879,0.25346506652882606,0.027157387702018372,,,42.0,Embryo WGCNA modules
381,ENSMUSG00000031880,0.26051530668114875,0.023033392110329252,,,42.0,Embryo WGCNA modules
392,ENSMUSG00000033871,0.3144297162670396,0.005670695028238656,,,42.0,Embryo WGCNA modules
401,ENSMUSG00000035493,0.20794772659804084,0.07145707953924313,,,42.0,Embryo WGCNA modules
402,ENSMUSG00000035898,-0.23952950412248056,0.03715978739347284,,,42.0,Embryo WGCNA modules
408,ENSMUSG00000036860,0.22129233320214486,0.054719135529054,,,42.0,Embryo WGCNA modules
413,ENSMUSG00000038028,0.32435227648141973,0.0042566342770179455,,,42.0,Embryo WGCNA modules
414,ENSMUSG00000038084,0.3368173209612573,0.0029290038205596453,,,42.0,Embryo WGCNA modules
415,ENSMUSG00000038195,0.34283682424920536,0.0024318209010746983,,,42.0,Embryo WGCNA modules
428,ENSMUSG00000040269,0.2177328552305043,0.05883440228054323,,,42.0,Embryo WGCNA modules
431,ENSMUSG00000041241,0.27194961429661174,0.0174784014758832,,,42.0,Embryo WGCNA modules
448,ENSMUSG00000054021,0.2406152136196219,0.03628338931933693,,,42.0,Embryo WGCNA modules
449,ENSMUSG00000054312,0.22918090600415897,0.04643347476922826,,,42.0,Embryo WGCNA modules
455,ENSMUSG00000058301,0.20172207593721786,0.08056117773286953,,,42.0,Embryo WGCNA modules
457,ENSMUSG00000061315,0.214654387795572,0.0625933765361283,,,42.0,Embryo WGCNA modules
467,ENSMUSG00000075376,-0.40907884673301725,0.00024341292645955364,,,42.0,Embryo WGCNA modules
481,ENSMUSG00000021619,0.2918084778835636,0.010536859821175144,,,45.0,Embryo WGCNA modules
490,ENSMUSG00000028696,0.2972782548438452,0.009109844051772351,,,45.0,Embryo WGCNA modules
493,ENSMUSG00000030269,0.2022992885812677,0.07968008815298837,,,45.0,Embryo WGCNA modules
494,ENSMUSG00000033124,0.23576387877796515,0.04033735943268306,,,45.0,Embryo WGCNA modules
501,ENSMUSG00000040327,0.26124369406530684,0.022639432083874797,,,45.0,Embryo WGCNA modules
513,ENSMUSG00000000439,0.2759901028049604,0.01581220122849344,,,46.0,Embryo WGCNA modules
514,ENSMUSG00000000628,0.24875116326908595,0.030249724812389363,,,46.0,Embryo WGCNA modules
520,ENSMUSG00000002109,0.23396352505485737,0.04193449685447043,,,46.0,Embryo WGCNA modules
525,ENSMUSG00000002983,0.25460574865873403,0.02645063285485634,,,46.0,Embryo WGCNA modules
527,ENSMUSG00000003731,0.2854179093244407,0.012447421139124368,,,46.0,Embryo WGCNA modules
536,ENSMUSG00000011096,0.2206051752925617,0.055494724509652676,,,46.0,Embryo WGCNA modules
541,ENSMUSG00000015944,0.23815518830331436,0.03829439980671683,,,46.0,Embryo WGCNA modules
543,ENSMUSG00000017831,0.2355852177214735,0.040493561227831515,,,46.0,Embryo WGCNA modules
547,ENSMUSG00000019578,0.22402722168228562,0.05171956469922747,,,46.0,Embryo WGCNA modules
560,ENSMUSG00000020634,0.20201068225924276,0.08011966896648332,,,46.0,Embryo WGCNA modules
568,ENSMUSG00000021981,0.20886851819688224,0.07018360178836291,,,46.0,Embryo WGCNA modules
576,ENSMUSG00000023460,0.2229415121851443,0.05289380595092564,,,46.0,Embryo WGCNA modules
581,ENSMUSG00000024164,0.21804894786891255,0.05845905822080041,,,46.0,Embryo WGCNA modules
589,ENSMUSG00000025171,0.24980938644984393,0.02953088976439852,,,46.0,Embryo WGCNA modules
591,ENSMUSG00000025337,0.2339222955802824,0.04197167775298713,,,46.0,Embryo WGCNA modules
595,ENSMUSG00000025583,0.31599643630088914,0.0054229751898859655,,,46.0,Embryo WGCNA modules
603,ENSMUSG00000026199,0.2179252594451876,0.05860569929876213,,,46.0,Embryo WGCNA modules
606,ENSMUSG00000026628,0.3057577834481008,0.0072310788112598945,,,46.0,Embryo WGCNA modules
620,ENSMUSG00000027650,0.25856377821793275,0.024117762407496576,,,46.0,Embryo WGCNA modules
651,ENSMUSG00000031266,-0.21829632471636248,0.058166671637088385,,,46.0,Embryo WGCNA modules
654,ENSMUSG00000031600,0.2554578244666171,0.025932907121304586,,,46.0,Embryo WGCNA modules
656,ENSMUSG00000031691,0.22430208484611885,0.05142570239190289,,,46.0,Embryo WGCNA modules
675,ENSMUSG00000034807,0.20693073289185784,0.07288509460701985,,,46.0,Embryo WGCNA modules
679,ENSMUSG00000037316,0.2798794165732008,0.014339448231453205,,,46.0,Embryo WGCNA modules
682,ENSMUSG00000038127,0.21677083415708798,0.05998882868931454,,,46.0,Embryo WGCNA modules
686,ENSMUSG00000038387,0.3173295226454803,0.0052197819674918745,,,46.0,Embryo WGCNA modules
687,ENSMUSG00000038510,-0.2036323749258589,0.07767450706224358,,,46.0,Embryo WGCNA modules
691,ENSMUSG00000039206,0.2890598462452312,0.011324797127345182,,,46.0,Embryo WGCNA modules
693,ENSMUSG00000039382,0.24182461154048815,0.03532753338520535,,,46.0,Embryo WGCNA modules
696,ENSMUSG00000040128,0.22687205542795968,0.04874378469757551,,,46.0,Embryo WGCNA modules
700,ENSMUSG00000041323,-0.237110708280748,0.039175872816816656,,,46.0,Embryo WGCNA modules
702,ENSMUSG00000042197,-0.23634109142201495,0.039836124102620364,,,46.0,Embryo WGCNA modules
703,ENSMUSG00000042628,0.24045029572132195,0.036415390826664076,,,46.0,Embryo WGCNA modules
709,ENSMUSG00000047496,0.2138847709368389,0.06356289887675975,,,46.0,Embryo WGCNA modules
716,ENSMUSG00000050565,0.2551417318282089,0.026123956375826946,,,46.0,Embryo WGCNA modules
717,ENSMUSG00000050697,0.27373622486152777,0.01672391893190344,,,46.0,Embryo WGCNA modules
722,ENSMUSG00000052934,0.27729570283316834,0.015303914222113428,,,46.0,Embryo WGCNA modules
727,ENSMUSG00000055401,0.32282678592214525,0.004451266078934631,,,46.0,Embryo WGCNA modules
732,ENSMUSG00000061118,0.20375606334958388,0.07749048266156848,,,46.0,Embryo WGCNA modules
756,ENSMUSG00000009281,0.2525992475627514,0.027704439197123704,,,48.0,Embryo WGCNA modules
761,ENSMUSG00000024645,0.21407717515152222,0.06331938637614834,,,48.0,Embryo WGCNA modules
763,ENSMUSG00000026618,0.34146250843003917,0.002538139213446193,,,48.0,Embryo WGCNA modules
766,ENSMUSG00000027900,0.2015983875134929,0.08075098731537053,,,48.0,Embryo WGCNA modules
769,ENSMUSG00000030031,-0.3016210928324104,0.008100176421438825,,,48.0,Embryo WGCNA modules
776,ENSMUSG00000040112,0.3015661201996438,0.008112317167867101,,,48.0,Embryo WGCNA modules
777,ENSMUSG00000040174,0.329712108176168,0.003631351901874323,,,48.0,Embryo WGCNA modules
780,ENSMUSG00000042213,-0.24267668734837125,0.03466680439749576,,,48.0,Embryo WGCNA modules
782,ENSMUSG00000051391,0.22584131856358505,0.0498052687769016,,,48.0,Embryo WGCNA modules
783,ENSMUSG00000060679,0.21809017734348754,0.05841024425232723,,,48.0,Embryo WGCNA modules
786,ENSMUSG00000005069,0.24062895677781354,0.03627240724865939,,,49.0,Embryo WGCNA modules
787,ENSMUSG00000009112,0.26347008569235614,0.021470623785790493,,,49.0,Embryo WGCNA modules
789,ENSMUSG00000013878,0.2593333950766658,0.023685054626661022,,,49.0,Embryo WGCNA modules
791,ENSMUSG00000018920,0.22438454379526887,0.05133781112408959,,,49.0,Embryo WGCNA modules
793,ENSMUSG00000025050,-0.2209624974055449,0.05509030589735201,,,49.0,Embryo WGCNA modules
794,ENSMUSG00000026098,-0.2715098332344785,0.017668541338727126,,,49.0,Embryo WGCNA modules
801,ENSMUSG00000036977,-0.22944202600980054,0.046177969972779405,,,49.0,Embryo WGCNA modules
802,ENSMUSG00000039911,0.2817759724036502,0.013665336778604925,,,49.0,Embryo WGCNA modules
804,ENSMUSG00000000078,0.2010624043440181,0.0815776095097056,,,50.0,Embryo WGCNA modules
808,ENSMUSG00000000278,0.22204820690268626,0.05387623848344914,,,50.0,Embryo WGCNA modules
810,ENSMUSG00000000440,0.3979881180723458,0.0003703469498530859,,,50.0,Embryo WGCNA modules
811,ENSMUSG00000000441,0.23307021977239933,0.04274622193470376,,,50.0,Embryo WGCNA modules
812,ENSMUSG00000000489,0.3154054804986476,0.005515266239906384,,,50.0,Embryo WGCNA modules
814,ENSMUSG00000000538,0.27146860375990356,0.01768645764675027,,,50.0,Embryo WGCNA modules
816,ENSMUSG00000000711,0.2658201657431304,0.02029310495477567,,,50.0,Embryo WGCNA modules
824,ENSMUSG00000001018,0.2091296382025238,0.06982580565596953,,,50.0,Embryo WGCNA modules
825,ENSMUSG00000001100,0.2480365190431195,0.030743456854385762,,,50.0,Embryo WGCNA modules
826,ENSMUSG00000001143,0.2416734368003799,0.03544585200127181,,,50.0,Embryo WGCNA modules
839,ENSMUSG00000001829,0.26852756790688787,0.019005376789469352,,,50.0,Embryo WGCNA modules
843,ENSMUSG00000002052,0.211520947727873,0.06661692072860596,,,50.0,Embryo WGCNA modules
848,ENSMUSG00000002147,0.25677716765301667,0.025148210180941842,,,50.0,Embryo WGCNA modules
859,ENSMUSG00000002778,0.25365747074350936,0.027037068799961927,,,50.0,Embryo WGCNA modules
863,ENSMUSG00000002949,0.26437713413300584,0.02100941471878289,,,50.0,Embryo WGCNA modules
869,ENSMUSG00000003099,0.20896472030422386,0.07005161110244829,,,50.0,Embryo WGCNA modules
871,ENSMUSG00000003308,0.2604191045738071,0.02308585799148377,,,50.0,Embryo WGCNA modules
877,ENSMUSG00000003458,0.20111737697678472,0.08149251947129847,,,50.0,Embryo WGCNA modules
878,ENSMUSG00000003545,0.2836725282340996,0.01301881882599078,,,50.0,Embryo WGCNA modules
890,ENSMUSG00000004069,0.24436709580594565,0.03338657819721063,,,50.0,Embryo WGCNA modules
898,ENSMUSG00000004552,-0.22871363862564242,0.0468936030028002,,,50.0,Embryo WGCNA modules
899,ENSMUSG00000004567,0.30820406560621666,0.006756652084242318,,,50.0,Embryo WGCNA modules
903,ENSMUSG00000004798,0.25617246869258353,0.02550532751656637,,,50.0,Embryo WGCNA modules
904,ENSMUSG00000004846,0.23091254393630836,0.044760639709855034,,,50.0,Embryo WGCNA modules
909,ENSMUSG00000005043,0.3079704319169584,0.006800747596523961,,,50.0,Embryo WGCNA modules
923,ENSMUSG00000005981,0.2780378333755181,0.015021322239730423,,,50.0,Embryo WGCNA modules
924,ENSMUSG00000006221,0.22607495225284327,0.04956301660307799,,,50.0,Embryo WGCNA modules
929,ENSMUSG00000006494,0.2717572100819285,0.01756137034846622,,,50.0,Embryo WGCNA modules
933,ENSMUSG00000006930,-0.22214440901002788,0.05376972639358475,,,50.0,Embryo WGCNA modules
947,ENSMUSG00000008855,0.2618758793421233,0.022302168239400674,,,50.0,Embryo WGCNA modules
954,ENSMUSG00000010936,0.27708955546029346,0.015383220942419278,,,50.0,Embryo WGCNA modules
958,ENSMUSG00000013415,-0.2117408382589396,0.06632792387163584,,,50.0,Embryo WGCNA modules
960,ENSMUSG00000013858,0.2979379264370449,0.008949722506631778,,,50.0,Embryo WGCNA modules
961,ENSMUSG00000014355,0.2051578654851334,0.07542909481796733,,,50.0,Embryo WGCNA modules
968,ENSMUSG00000015095,0.24192081364782983,0.03525241174627678,,,50.0,Embryo WGCNA modules
972,ENSMUSG00000015149,0.26434964781662257,0.021023265496833882,,,50.0,Embryo WGCNA modules
978,ENSMUSG00000015749,-0.20739800027037436,0.07222616455989185,,,50.0,Embryo WGCNA modules
981,ENSMUSG00000015850,0.2486824474781276,0.030296907213394522,,,50.0,Embryo WGCNA modules
982,ENSMUSG00000015966,0.2741072901327027,0.01657078113980789,,,50.0,Embryo WGCNA modules
985,ENSMUSG00000016520,0.2899668946858809,0.01105929446377662,,,50.0,Embryo WGCNA modules
986,ENSMUSG00000016528,0.2898157199457726,0.011103165125340778,,,50.0,Embryo WGCNA modules
994,ENSMUSG00000017446,0.23882860305470582,0.03773488632979868,,,50.0,Embryo WGCNA modules
1006,ENSMUSG00000018405,0.22082506582362832,0.05524556578011519,,,50.0,Embryo WGCNA modules
1016,ENSMUSG00000018800,0.20875857293134892,0.07033469297314818,,,50.0,Embryo WGCNA modules
1018,ENSMUSG00000018882,0.20286275806712584,0.07882739478047672,,,50.0,Embryo WGCNA modules
1022,ENSMUSG00000019055,0.2472943885007697,0.03126333476227111,,,50.0,Embryo WGCNA modules
1026,ENSMUSG00000019210,0.21367862356396397,0.06382464552336341,,,50.0,Embryo WGCNA modules
1035,ENSMUSG00000019789,-0.21652345730963804,0.06028863625933014,,,50.0,Embryo WGCNA modules
1039,ENSMUSG00000019850,0.21347247619108903,0.06408726347544547,,,50.0,Embryo WGCNA modules
1044,ENSMUSG00000019944,0.22004170580670357,0.05613738232566237,,,50.0,Embryo WGCNA modules
1052,ENSMUSG00000020091,0.2183925268237041,0.05805328764845791,,,50.0,Embryo WGCNA modules
1054,ENSMUSG00000020109,0.2658201657431304,0.02029310495477567,,,50.0,Embryo WGCNA modules
1076,ENSMUSG00000020386,0.2992435264652529,0.00864005902096954,,,50.0,Embryo WGCNA modules
1080,ENSMUSG00000020427,0.2034537138693673,0.07794093542870766,,,50.0,Embryo WGCNA modules
1090,ENSMUSG00000020538,0.3428780537237804,0.0024286939666950053,,,50.0,Embryo WGCNA modules
1094,ENSMUSG00000020572,0.32623508915367744,0.0040268596647416,,,50.0,Embryo WGCNA modules
1097,ENSMUSG00000020657,0.27935717656191766,0.014530043863406531,,,50.0,Embryo WGCNA modules
1109,ENSMUSG00000020832,0.24673091901491156,0.031662973984225205,,,50.0,Embryo WGCNA modules
1111,ENSMUSG00000020850,0.2396944220207805,0.03702553751335686,,,50.0,Embryo WGCNA modules
1116,ENSMUSG00000020949,0.22460443432633545,0.05110403642839795,,,50.0,Embryo WGCNA modules
1117,ENSMUSG00000020978,0.22145725110044479,0.05453431786244258,,,50.0,Embryo WGCNA modules
1122,ENSMUSG00000021072,-0.21475058990291362,0.062473033075513884,,,50.0,Embryo WGCNA modules
1126,ENSMUSG00000021133,0.2183925268237041,0.05805328764845791,,,50.0,Embryo WGCNA modules
1128,ENSMUSG00000021177,-0.22571763013986007,0.04993391314947928,,,50.0,Embryo WGCNA modules
1131,ENSMUSG00000021203,-0.2995183896290861,0.008576075286426467,,,50.0,Embryo WGCNA modules
1133,ENSMUSG00000021245,0.2956428190190374,0.009517659564697014,,,50.0,Embryo WGCNA modules
1135,ENSMUSG00000021306,0.23260295239388282,0.04317597345928974,,,50.0,Embryo WGCNA modules
1137,ENSMUSG00000021340,0.31763187212569693,0.005174645240349844,,,50.0,Embryo WGCNA modules
1154,ENSMUSG00000021731,0.21146597509510637,0.06668932842798617,,,50.0,Embryo WGCNA modules
1157,ENSMUSG00000021756,0.38337914091460895,0.0006298064716180882,,,50.0,Embryo WGCNA modules
1159,ENSMUSG00000021822,0.21373359619673063,0.06375476130480497,,,50.0,Embryo WGCNA modules
1162,ENSMUSG00000021929,0.22695451437710967,0.048659675898534795,,,50.0,Embryo WGCNA modules
1169,ENSMUSG00000022037,-0.23242429133739123,0.043341232537257524,,,50.0,Embryo WGCNA modules
1172,ENSMUSG00000022075,0.26498183309343903,0.020706662169361737,,,50.0,Embryo WGCNA modules
1177,ENSMUSG00000022108,0.2666722415510135,0.019880021271198776,,,50.0,Embryo WGCNA modules
1179,ENSMUSG00000022150,0.2259924933036933,0.0496484065859231,,,50.0,Embryo WGCNA modules
1185,ENSMUSG00000022280,0.21040775191434838,0.06809559173580486,,,50.0,Embryo WGCNA modules
1187,ENSMUSG00000022292,0.25114247279443513,0.028645877497484835,,,50.0,Embryo WGCNA modules
1192,ENSMUSG00000022401,0.22280408060322768,0.053043987859023874,,,50.0,Embryo WGCNA modules
1199,ENSMUSG00000022508,0.24292406419582113,0.03447692770581938,,,50.0,Embryo WGCNA modules
1209,ENSMUSG00000022698,0.24994681803176053,0.029438599156850147,,,50.0,Embryo WGCNA modules
1225,ENSMUSG00000023030,0.3096745835327245,0.006484842970465686,,,50.0,Embryo WGCNA modules
1229,ENSMUSG00000023104,-0.21076507402733158,0.06761810296515285,,,50.0,Embryo WGCNA modules
1231,ENSMUSG00000023150,0.29774552222236167,0.008996168331507173,,,50.0,Embryo WGCNA modules
1237,ENSMUSG00000023938,0.26741437209336316,0.01952611821761689,,,50.0,Embryo WGCNA modules
1238,ENSMUSG00000023939,0.2225841900721611,0.053285004653314906,,,50.0,Embryo WGCNA modules
1240,ENSMUSG00000023951,0.214613158320997,0.06264500975775836,,,50.0,Embryo WGCNA modules
1243,ENSMUSG00000023977,0.24963072539335232,0.029651231864209333,,,50.0,Embryo WGCNA modules
1245,ENSMUSG00000023990,0.22214440901002788,0.05376972639358475,,,50.0,Embryo WGCNA modules
1246,ENSMUSG00000024006,0.20767286343420757,0.07184079622378382,,,50.0,Embryo WGCNA modules
1251,ENSMUSG00000024120,0.2649268604606724,0.020734030308275815,,,50.0,Embryo WGCNA modules
1254,ENSMUSG00000024140,0.3181678552951717,0.005095478539757707,,,50.0,Embryo WGCNA modules
1260,ENSMUSG00000024190,0.24539783267032036,0.03262557539824263,,,50.0,Embryo WGCNA modules
1261,ENSMUSG00000024191,0.20343997071117562,0.07796146007173829,,,50.0,Embryo WGCNA modules
1267,ENSMUSG00000024357,0.23106371867641667,0.044616992638446616,,,50.0,Embryo WGCNA modules
1268,ENSMUSG00000024359,0.2817484860872669,0.013674907195475521,,,50.0,Embryo WGCNA modules
1271,ENSMUSG00000024387,0.2070956507901578,0.07265198301004097,,,50.0,Embryo WGCNA modules
1276,ENSMUSG00000024442,0.35064293810206953,0.0019001886281380974,,,50.0,Embryo WGCNA modules
1286,ENSMUSG00000024735,0.2406564430941969,0.036250451432496736,,,50.0,Embryo WGCNA modules
1287,ENSMUSG00000024740,0.24862747484536096,0.030334697712862853,,,50.0,Embryo WGCNA modules
1291,ENSMUSG00000024759,0.28420851140357445,0.012840980182029716,,,50.0,Embryo WGCNA modules
1294,ENSMUSG00000024805,0.388134273648924,0.0005312631821177657,,,50.0,Embryo WGCNA modules
1301,ENSMUSG00000024941,0.20403092651341714,0.07708278505681332,,,50.0,Embryo WGCNA modules
1302,ENSMUSG00000024942,0.20278029911797585,0.07895172300295929,,,50.0,Embryo WGCNA modules
1303,ENSMUSG00000024953,0.26019921404274055,0.023206161852791483,,,50.0,Embryo WGCNA modules
1310,ENSMUSG00000025077,0.21678457731527964,0.05997220828605256,,,50.0,Embryo WGCNA modules
1311,ENSMUSG00000025092,0.3065274003068339,0.007078758367004728,,,50.0,Embryo WGCNA modules
1312,ENSMUSG00000025103,0.339923274712573,0.002662143377000539,,,50.0,Embryo WGCNA modules
1319,ENSMUSG00000025188,0.23584633772711514,0.04026543527742726,,,50.0,Embryo WGCNA modules
1325,ENSMUSG00000025234,0.22310643008344425,0.052714047272408554,,,50.0,Embryo WGCNA modules
1327,ENSMUSG00000025241,0.21448946989727205,0.06280011645246314,,,50.0,Embryo WGCNA modules
1328,ENSMUSG00000025260,0.26991562688424575,0.018372757492761762,,,50.0,Embryo WGCNA modules
1330,ENSMUSG00000025277,0.219780585801062,0.05643725088654959,,,50.0,Embryo WGCNA modules
1338,ENSMUSG00000025474,0.2442159210658374,0.033499432966780866,,,50.0,Embryo WGCNA modules
1344,ENSMUSG00000025579,0.2707951890085121,0.01798130586667442,,,50.0,Embryo WGCNA modules
1348,ENSMUSG00000025759,0.2865585914543487,0.012085854805180894,,,50.0,Embryo WGCNA modules
1356,ENSMUSG00000026019,-0.20371483387500888,0.07755178543413045,,,50.0,Embryo WGCNA modules
1394,ENSMUSG00000026792,0.28989817889492253,0.011079216939587156,,,50.0,Embryo WGCNA modules
1395,ENSMUSG00000026842,0.2304040470832169,0.045246623054509896,,,50.0,Embryo WGCNA modules
1403,ENSMUSG00000026921,0.21297772249618924,0.06472111330604345,,,50.0,Embryo WGCNA modules
1404,ENSMUSG00000026925,0.21084753297648157,0.06750829731490515,,,50.0,Embryo WGCNA modules
1405,ENSMUSG00000026926,0.2655453025792971,0.020427912807548215,,,50.0,Embryo WGCNA modules
1413,ENSMUSG00000027164,0.20341248439479231,0.07800252229006535,,,50.0,Embryo WGCNA modules
1415,ENSMUSG00000027180,0.2610100603760486,0.022765167016459524,,,50.0,Embryo WGCNA modules
1419,ENSMUSG00000027282,0.26322270884490623,0.02159789660038507,,,50.0,Embryo WGCNA modules
1423,ENSMUSG00000027374,0.21712815627007118,0.05955791239898451,,,50.0,Embryo WGCNA modules
1430,ENSMUSG00000027602,0.20683453078451622,0.07302135300865276,,,50.0,Embryo WGCNA modules
1435,ENSMUSG00000027668,0.29358134529028806,0.010054366296178315,,,50.0,Embryo WGCNA modules
1440,ENSMUSG00000027774,0.3047270465837261,0.007439588920397664,,,50.0,Embryo WGCNA modules
1452,ENSMUSG00000028017,0.22749049754658446,0.04811587368042255,,,50.0,Embryo WGCNA modules
1454,ENSMUSG00000028080,0.209486960315507,0.0693385681323942,,,50.0,Embryo WGCNA modules
1455,ENSMUSG00000028085,0.24963072539335232,0.029651231864209333,,,50.0,Embryo WGCNA modules
1457,ENSMUSG00000028101,0.21213938984649777,0.06580669610364119,,,50.0,Embryo WGCNA modules
1464,ENSMUSG00000028207,0.26513300783354726,0.02063155879639194,,,50.0,Embryo WGCNA modules
1474,ENSMUSG00000028393,0.21938203421350377,0.056897461932210784,,,50.0,Embryo WGCNA modules
1481,ENSMUSG00000028436,-0.2178840299706126,0.058654646101108696,,,50.0,Embryo WGCNA modules
1484,ENSMUSG00000028518,0.2992435264652529,0.00864005902096954,,,50.0,Embryo WGCNA modules
1500,ENSMUSG00000028756,0.25934713823485744,0.02367738805890234,,,50.0,Embryo WGCNA modules
1507,ENSMUSG00000028861,0.20405841282980042,0.07704210964924822,,,50.0,Embryo WGCNA modules
1512,ENSMUSG00000028944,0.3513713254862276,0.0018563587249661496,,,50.0,Embryo WGCNA modules
1515,ENSMUSG00000028964,0.2979654127534283,0.008943104541659308,,,50.0,Embryo WGCNA modules
1519,ENSMUSG00000029017,0.25995183719529064,0.023342140601131343,,,50.0,Embryo WGCNA modules
1520,ENSMUSG00000029020,0.3813176671858595,0.0006774865320025096,,,50.0,Embryo WGCNA modules
1526,ENSMUSG00000029119,0.2688024310707211,0.01887864511233192,,,50.0,Embryo WGCNA modules
1534,ENSMUSG00000029228,0.20923958346805707,0.06967559409314235,,,50.0,Embryo WGCNA modules
1544,ENSMUSG00000029392,0.23136606815663324,0.04433084120173121,,,50.0,Embryo WGCNA modules
1545,ENSMUSG00000029432,0.23433459032603227,0.041601095885445916,,,50.0,Embryo WGCNA modules
1549,ENSMUSG00000029472,0.21066887191998995,0.06774639141911712,,,50.0,Embryo WGCNA modules
1555,ENSMUSG00000029536,0.2281089396652093,0.047494634605452134,,,50.0,Embryo WGCNA modules
1559,ENSMUSG00000029592,0.2634151130595895,0.021498851219122393,,,50.0,Embryo WGCNA modules
1560,ENSMUSG00000029598,0.2721557616694867,0.017389880026411852,,,50.0,Embryo WGCNA modules
1564,ENSMUSG00000029624,0.2322868597554746,0.04346871082157157,,,50.0,Embryo WGCNA modules
1573,ENSMUSG00000029833,0.2616285024946734,0.02243362792675949,,,50.0,Embryo WGCNA modules
1577,ENSMUSG00000029998,0.3069396950525837,0.006998324636025654,,,50.0,Embryo WGCNA modules
1582,ENSMUSG00000030061,0.22684456911157636,0.048771847518522655,,,50.0,Embryo WGCNA modules
1594,ENSMUSG00000030271,0.21840626998189577,0.058037104631372065,,,50.0,Embryo WGCNA modules
1598,ENSMUSG00000030341,0.30857513087739147,0.00668713526442467,,,50.0,Embryo WGCNA modules
1608,ENSMUSG00000030595,0.23837507883438094,0.03811094683592168,,,50.0,Embryo WGCNA modules
1625,ENSMUSG00000030824,0.24420217790764576,0.0335097083224057,,,50.0,Embryo WGCNA modules
1627,ENSMUSG00000030847,0.268074043686563,0.019216076987772782,,,50.0,Embryo WGCNA modules
1628,ENSMUSG00000030869,0.24493056529180385,0.032968740744117014,,,50.0,Embryo WGCNA modules
1632,ENSMUSG00000030894,0.21120485508946477,0.06703413239233638,,,50.0,Embryo WGCNA modules
1633,ENSMUSG00000030967,0.20242297700499265,0.07949228521511105,,,50.0,Embryo WGCNA modules
1644,ENSMUSG00000031155,-0.20043021906720163,0.08256122862037434,,,50.0,Embryo WGCNA modules
1645,ENSMUSG00000031197,-0.28034668395171736,0.014170750099111376,,,50.0,Embryo WGCNA modules
1658,ENSMUSG00000031633,0.2640610414945976,0.021169169808170775,,,50.0,Embryo WGCNA modules
1663,ENSMUSG00000031696,0.21332130145098074,0.0642804048802435,,,50.0,Embryo WGCNA modules
1664,ENSMUSG00000031708,0.20306890544000075,0.07851725675390976,,,50.0,Embryo WGCNA modules
1671,ENSMUSG00000031913,0.2491909443312191,0.02994921959007224,,,50.0,Embryo WGCNA modules
1673,ENSMUSG00000032010,0.21655094362602134,0.060255264342204774,,,50.0,Embryo WGCNA modules
1677,ENSMUSG00000032030,0.20073256854741814,0.08208963360755471,,,50.0,Embryo WGCNA modules
1685,ENSMUSG00000032267,0.28342515138664964,0.01310161530063372,,,50.0,Embryo WGCNA modules
1697,ENSMUSG00000032431,0.2079202402816575,0.07149537701763489,,,50.0,Embryo WGCNA modules
1698,ENSMUSG00000032440,0.316367501572064,0.005365725402619158,,,50.0,Embryo WGCNA modules
1708,ENSMUSG00000032560,0.2287548681002174,0.046852852882689124,,,50.0,Embryo WGCNA modules
1715,ENSMUSG00000032601,0.2097893097957236,0.06892842980204587,,,50.0,Embryo WGCNA modules
1717,ENSMUSG00000032715,0.36691483740099756,0.0011134108960328393,,,50.0,Embryo WGCNA modules
1719,ENSMUSG00000032740,-0.24274540313932952,0.03461397332329882,,,50.0,Embryo WGCNA modules
1720,ENSMUSG00000032741,0.20293147385808416,0.0787239071542136,,,50.0,Embryo WGCNA modules
1722,ENSMUSG00000032841,-0.2775843091551932,0.015193477254321833,,,50.0,Embryo WGCNA modules
1728,ENSMUSG00000033014,-0.2908601999683389,0.010803125155930635,,,50.0,Embryo WGCNA modules
1731,ENSMUSG00000033128,0.2960413706065956,0.009416833750126004,,,50.0,Embryo WGCNA modules
1733,ENSMUSG00000033209,0.310141850911241,0.0064005144932154905,,,50.0,Embryo WGCNA modules
1739,ENSMUSG00000033335,0.20286275806712584,0.07882739478047672,,,50.0,Embryo WGCNA modules
1753,ENSMUSG00000033918,0.2008012843383765,0.0819827519335444,,,50.0,Embryo WGCNA modules
1756,ENSMUSG00000034175,0.23173713342780813,0.04398173041681501,,,50.0,Embryo WGCNA modules
1763,ENSMUSG00000034290,0.4022484971117611,0.0003157489476664957,,,50.0,Embryo WGCNA modules
1768,ENSMUSG00000034391,-0.24759673798098628,0.031050647603404844,,,50.0,Embryo WGCNA modules
1770,ENSMUSG00000034432,0.23117366394194994,0.0445127614811463,,,50.0,Embryo WGCNA modules
1772,ENSMUSG00000034636,0.281377420816092,0.013804676485635261,,,50.0,Embryo WGCNA modules
1783,ENSMUSG00000034957,0.30990821722198275,0.006442557150698195,,,50.0,Embryo WGCNA modules
1790,ENSMUSG00000035069,0.21726558785198782,0.059392846620724894,,,50.0,Embryo WGCNA modules
1794,ENSMUSG00000035227,-0.2093357855753987,0.06954437224241279,,,50.0,Embryo WGCNA modules
1801,ENSMUSG00000035559,0.31271182149308185,0.005953760184370165,,,50.0,Embryo WGCNA modules
1803,ENSMUSG00000035623,-0.23129735236567492,0.044395742050255135,,,50.0,Embryo WGCNA modules
1810,ENSMUSG00000035828,0.2691597531837043,0.01871497670542652,,,50.0,Embryo WGCNA modules
1821,ENSMUSG00000036327,0.21814514997625417,0.05834521055507351,,,50.0,Embryo WGCNA modules
1827,ENSMUSG00000036499,0.2293045944278839,0.04631230124611686,,,50.0,Embryo WGCNA modules
1828,ENSMUSG00000036553,0.24539783267032036,0.03262557539824263,,,50.0,Embryo WGCNA modules
1834,ENSMUSG00000036918,0.22643227436582647,0.04919438653209046,,,50.0,Embryo WGCNA modules
1841,ENSMUSG00000037225,0.2052403244342834,0.07530921558259746,,,50.0,Embryo WGCNA modules
1843,ENSMUSG00000037287,-0.20600994129301647,0.07419767484593193,,,50.0,Embryo WGCNA modules
1847,ENSMUSG00000037411,0.3049194507984094,0.007400270777895695,,,50.0,Embryo WGCNA modules
1849,ENSMUSG00000037470,0.2469920390205532,0.031477244983485496,,,50.0,Embryo WGCNA modules
1853,ENSMUSG00000037664,0.33460467249239967,0.0031334421051407995,,,50.0,Embryo WGCNA modules
1864,ENSMUSG00000038168,0.20807141502176582,0.07128494462740918,,,50.0,Embryo WGCNA modules
1865,ENSMUSG00000038172,0.23159970184589151,0.044110764678968066,,,50.0,Embryo WGCNA modules
1871,ENSMUSG00000038375,0.22508544486304358,0.05059569750101779,,,50.0,Embryo WGCNA modules
1872,ENSMUSG00000038393,0.3000543727985609,0.008452499432907287,,,50.0,Embryo WGCNA modules
1878,ENSMUSG00000038506,0.2485312727380193,0.03040092653735069,,,50.0,Embryo WGCNA modules
1879,ENSMUSG00000038508,0.2221718953264112,0.053739326015654405,,,50.0,Embryo WGCNA modules
1881,ENSMUSG00000038520,0.25151353806561005,0.02840355214151449,,,50.0,Embryo WGCNA modules
1882,ENSMUSG00000038546,0.25867372348346607,0.024055538971902168,,,50.0,Embryo WGCNA modules
1890,ENSMUSG00000038780,0.34179234422663907,0.0025122499570446027,,,50.0,Embryo WGCNA modules
1891,ENSMUSG00000038784,-0.23598376930903175,0.04014579843490296,,,50.0,Embryo WGCNA modules
1893,ENSMUSG00000038880,0.2643084183420475,0.02104405627621698,,,50.0,Embryo WGCNA modules
1899,ENSMUSG00000039018,0.27458830066941087,0.016374065653100903,,,50.0,Embryo WGCNA modules
1902,ENSMUSG00000039254,0.3106091182897575,0.006317153957886512,,,50.0,Embryo WGCNA modules
1910,ENSMUSG00000039615,0.21560266571079667,0.06141529665379519,,,50.0,Embryo WGCNA modules
1913,ENSMUSG00000039680,0.2652979257318472,0.020549893290940546,,,50.0,Embryo WGCNA modules
1914,ENSMUSG00000039686,0.25780790451739133,0.024549259633516694,,,50.0,Embryo WGCNA modules
1917,ENSMUSG00000039768,0.3103205119677326,0.0063685275645739975,,,50.0,Embryo WGCNA modules
1920,ENSMUSG00000039982,0.24241556734272968,0.034868178119601925,,,50.0,Embryo WGCNA modules
1924,ENSMUSG00000040219,0.22305145745067761,0.05277391117630006,,,50.0,Embryo WGCNA modules
1937,ENSMUSG00000040813,0.22619864067656825,0.049435157902853424,,,50.0,Embryo WGCNA modules
1939,ENSMUSG00000040888,0.2753716606863356,0.01605800141849868,,,50.0,Embryo WGCNA modules
1942,ENSMUSG00000041084,-0.3417786010684474,0.002513323934241369,,,50.0,Embryo WGCNA modules
1944,ENSMUSG00000041168,0.3115848825213655,0.006146157560613672,,,50.0,Embryo WGCNA modules
1946,ENSMUSG00000041231,-0.21360990777300565,0.06391208793149195,,,50.0,Embryo WGCNA modules
1947,ENSMUSG00000041236,0.21403594567694717,0.06337150395573267,,,50.0,Embryo WGCNA modules
1949,ENSMUSG00000041301,-0.21921711631520382,0.05708878653244621,,,50.0,Embryo WGCNA modules
1953,ENSMUSG00000041417,0.21248296880128936,0.06536002054982865,,,50.0,Embryo WGCNA modules
1973,ENSMUSG00000042015,0.25622744132535014,0.025472685696589382,,,50.0,Embryo WGCNA modules
1979,ENSMUSG00000042298,0.24208573154612972,0.035123942486787164,,,50.0,Embryo WGCNA modules
1986,ENSMUSG00000042622,0.2523518707153014,0.02786243871558367,,,50.0,Embryo WGCNA modules
1991,ENSMUSG00000043279,0.21550646360345505,0.06153398621531021,,,50.0,Embryo WGCNA modules
1993,ENSMUSG00000043556,0.23344128504357423,0.04240747764308304,,,50.0,Embryo WGCNA modules
1999,ENSMUSG00000044149,-0.3016485791487938,0.00809411202457108,,,50.0,Embryo WGCNA modules
2001,ENSMUSG00000044224,0.2780103470591348,0.015031707758327803,,,50.0,Embryo WGCNA modules
2002,ENSMUSG00000044252,0.24455950002062896,0.03324340582061463,,,50.0,Embryo WGCNA modules
2003,ENSMUSG00000044308,0.40330672029251907,0.00030338422025923936,,,50.0,Embryo WGCNA modules
2016,ENSMUSG00000045629,0.2478441148284362,0.030877536837386765,,,50.0,Embryo WGCNA modules
2020,ENSMUSG00000046192,-0.21253794143405602,0.06528878025744689,,,50.0,Embryo WGCNA modules
2022,ENSMUSG00000046432,-0.22343626588004414,0.05235603031517108,,,50.0,Embryo WGCNA modules
2030,ENSMUSG00000047153,0.29084645681014726,0.010807026750530321,,,50.0,Embryo WGCNA modules
2034,ENSMUSG00000047638,0.27678720598007683,0.015500178315741752,,,50.0,Embryo WGCNA modules
2037,ENSMUSG00000047747,0.20110363381859309,0.08151378536442724,,,50.0,Embryo WGCNA modules
2042,ENSMUSG00000048175,0.32312913540236177,0.004412074396279151,,,50.0,Embryo WGCNA modules
2048,ENSMUSG00000048756,-0.23518666613391534,0.04084382207074306,,,50.0,Embryo WGCNA modules
2052,ENSMUSG00000049106,0.3105404024987992,0.00632935251821475,,,50.0,Embryo WGCNA modules
2057,ENSMUSG00000049892,0.2764298838670936,0.015639388140211163,,,50.0,Embryo WGCNA modules
2058,ENSMUSG00000049960,0.2145032130554637,0.06278286703116467,,,50.0,Embryo WGCNA modules
2065,ENSMUSG00000050737,0.25430339917851746,0.026636432231674265,,,50.0,Embryo WGCNA modules
2066,ENSMUSG00000050812,0.2510462706870935,0.028708986500774223,,,50.0,Embryo WGCNA modules
2067,ENSMUSG00000051176,-0.24410597580030408,0.033581709780955864,,,50.0,Embryo WGCNA modules
2068,ENSMUSG00000051285,0.26011675509359056,0.023251413053787563,,,50.0,Embryo WGCNA modules
2092,ENSMUSG00000053436,0.20878605924773222,0.07029689569299204,,,50.0,Embryo WGCNA modules
2096,ENSMUSG00000053768,0.3047545329001094,0.007433960831298462,,,50.0,Embryo WGCNA modules
2102,ENSMUSG00000054408,-0.25294282651754285,0.027486251439975674,,,50.0,Embryo WGCNA modules
2103,ENSMUSG00000054409,-0.21630356677857146,0.06055615222989633,,,50.0,Embryo WGCNA modules
2106,ENSMUSG00000054612,0.26423970255108925,0.021078746570106603,,,50.0,Embryo WGCNA modules
2110,ENSMUSG00000055239,0.27284291957906975,0.017097584053021832,,,50.0,Embryo WGCNA modules
2118,ENSMUSG00000055980,0.22118238793661155,0.05484263132743533,,,50.0,Embryo WGCNA modules
2120,ENSMUSG00000056121,0.2379215546140561,0.0384901237257268,,,50.0,Embryo WGCNA modules
2121,ENSMUSG00000056153,0.25412473812202585,0.026746740885491397,,,50.0,Embryo WGCNA modules
2122,ENSMUSG00000056228,0.21531405938877177,0.06177192337168751,,,50.0,Embryo WGCNA modules
2128,ENSMUSG00000057234,0.31070532039709914,0.006300110793539609,,,50.0,Embryo WGCNA modules
2133,ENSMUSG00000057406,-0.20845622345113235,0.07075154190279213,,,50.0,Embryo WGCNA modules
2134,ENSMUSG00000057506,-0.27343387538131125,0.01684959619625397,,,50.0,Embryo WGCNA modules
2135,ENSMUSG00000057554,0.21971187001010367,0.05651638036515847,,,50.0,Embryo WGCNA modules
2139,ENSMUSG00000057863,0.23371614820740746,0.042157992386786754,,,50.0,Embryo WGCNA modules
2168,ENSMUSG00000061474,0.2509638117379435,0.028763173230947642,,,50.0,Embryo WGCNA modules
2171,ENSMUSG00000062031,0.20507540653598344,0.075549126582797,,,50.0,Embryo WGCNA modules
2172,ENSMUSG00000062070,0.2747119890931358,0.016323807684497836,,,50.0,Embryo WGCNA modules
2176,ENSMUSG00000062580,0.21407717515152222,0.06331938637614834,,,50.0,Embryo WGCNA modules
2179,ENSMUSG00000062981,0.31357764045915654,0.005809573593843554,,,50.0,Embryo WGCNA modules
2181,ENSMUSG00000063077,0.3154192236568393,0.0055131042663097195,,,50.0,Embryo WGCNA modules
2182,ENSMUSG00000063179,0.30241819600752684,0.007925917389641747,,,50.0,Embryo WGCNA modules
2188,ENSMUSG00000063760,0.22191077532076964,0.054028697815628156,,,50.0,Embryo WGCNA modules
2198,ENSMUSG00000068290,0.2523518707153014,0.02786243871558367,,,50.0,Embryo WGCNA modules
2200,ENSMUSG00000068329,0.20954193294827364,0.06926385185855938,,,50.0,Embryo WGCNA modules
2206,ENSMUSG00000070327,0.2247556090664437,0.05094382335027199,,,50.0,Embryo WGCNA modules
2215,ENSMUSG00000071089,-0.34684982644117074,0.0021438382597074577,,,50.0,Embryo WGCNA modules
2225,ENSMUSG00000073700,0.2127578319651226,0.06500444608452464,,,50.0,Embryo WGCNA modules
2233,ENSMUSG00000074794,0.2030139328072341,0.0785998649635794,,,50.0,Embryo WGCNA modules
2239,ENSMUSG00000078517,0.33290052087663363,0.003299484563415585,,,50.0,Embryo WGCNA modules
2240,ENSMUSG00000078566,0.3368035778030657,0.0029302359193521237,,,50.0,Embryo WGCNA modules
2246,ENSMUSG00000079508,0.3113100193575323,0.006193907565524138,,,50.0,Embryo WGCNA modules
2248,ENSMUSG00000090247,0.21892850999317892,0.05742486575901904,,,50.0,Embryo WGCNA modules
2252,ENSMUSG00000093661,0.2584263466360161,0.02419573387056272,,,50.0,Embryo WGCNA modules
